Date,Organization,Members
2025-05-23,DS4SD,25
2025-05-23,IBM,6080
2025-05-23,ibm-aiu,7
2025-05-23,IBM-Cloud,140
2025-05-23,ibm-granite-community,64
2025-05-24,DS4SD,25
2025-05-24,IBM,6084
2025-05-24,ibm-aiu,7
2025-05-24,IBM-Cloud,140
2025-05-24,ibm-granite-community,64
2025-05-25,DS4SD,25
2025-05-25,IBM,6085
2025-05-25,ibm-aiu,7
2025-05-25,IBM-Cloud,140
2025-05-25,ibm-granite-community,64
2025-05-26,DS4SD,25
2025-05-26,IBM,6088
2025-05-26,ibm-aiu,7
2025-05-26,IBM-Cloud,140
2025-05-26,ibm-granite-community,64
2025-05-27,DS4SD,25
2025-05-27,IBM,6094
2025-05-27,ibm-aiu,7
2025-05-27,IBM-Cloud,140
2025-05-27,ibm-granite-community,64
2025-05-28,DS4SD,25
2025-05-28,IBM,6102
2025-05-28,ibm-aiu,7
2025-05-28,IBM-Cloud,140
2025-05-28,ibm-granite-community,65
2025-05-29,DS4SD,25
2025-05-29,IBM,5754
2025-05-29,ibm-aiu,7
2025-05-29,IBM-Cloud,140
2025-05-29,ibm-granite-community,67
2025-05-30,DS4SD,25
2025-05-30,IBM,5773
2025-05-30,ibm-aiu,7
2025-05-30,IBM-Cloud,48
2025-05-30,ibm-granite-community,35
2025-05-31,DS4SD,25
2025-05-31,IBM,5781
2025-05-31,ibm-aiu,7
2025-05-31,IBM-Cloud,48
2025-05-31,ibm-granite-community,35
2025-06-01,DS4SD,25
2025-06-01,IBM,5782
2025-06-01,ibm-aiu,7
2025-06-01,IBM-Cloud,48
2025-06-01,ibm-granite-community,35
2025-06-02,DS4SD,25
2025-06-02,IBM,5785
2025-06-02,ibm-aiu,7
2025-06-02,IBM-Cloud,48
2025-06-02,ibm-granite-community,35
2025-06-03,DS4SD,25
2025-06-03,IBM,5794
2025-06-03,ibm-aiu,7
2025-06-03,IBM-Cloud,48
2025-06-03,ibm-granite-community,35
2025-06-04,DS4SD,18
2025-06-04,IBM,5810
2025-06-04,ibm-aiu,7
2025-06-04,IBM-Cloud,49
2025-06-04,ibm-granite-community,35
2025-06-05,DS4SD,18
2025-06-05,IBM,5820
2025-06-05,ibm-aiu,6
2025-06-05,IBM-Cloud,49
2025-06-05,ibm-granite-community,35
2025-06-06,DS4SD,18
2025-06-06,IBM,5823
2025-06-06,ibm-aiu,6
2025-06-06,IBM-Cloud,49
2025-06-06,ibm-granite-community,35
2025-06-07,DS4SD,18
2025-06-07,IBM,5825
2025-06-07,ibm-aiu,6
2025-06-07,IBM-Cloud,50
2025-06-07,ibm-granite-community,35
2025-06-08,DS4SD,18
2025-06-08,IBM,5825
2025-06-08,ibm-aiu,6
2025-06-08,IBM-Cloud,50
2025-06-08,ibm-granite-community,35
2025-06-09,DS4SD,18
2025-06-09,IBM,5827
2025-06-09,ibm-aiu,6
2025-06-09,IBM-Cloud,50
2025-06-09,ibm-granite-community,35
2025-06-10,DS4SD,18
2025-06-10,IBM,5836
2025-06-10,ibm-aiu,6
2025-06-10,IBM-Cloud,50
2025-06-10,ibm-granite-community,35
2025-06-11,DS4SD,18
2025-06-11,IBM,5840
2025-06-11,ibm-aiu,6
2025-06-11,IBM-Cloud,49
2025-06-11,ibm-granite-community,35
2025-06-12,DS4SD,18
2025-06-12,IBM,5848
2025-06-12,ibm-aiu,6
2025-06-12,IBM-Cloud,49
2025-06-12,ibm-granite-community,35
2025-06-13,DS4SD,18
2025-06-13,IBM,5853
2025-06-13,ibm-aiu,6
2025-06-13,IBM-Cloud,49
2025-06-13,ibm-granite-community,35
2025-06-14,DS4SD,18
2025-06-14,IBM,5858
2025-06-14,ibm-aiu,6
2025-06-14,IBM-Cloud,49
2025-06-14,ibm-granite-community,35
2025-06-15,DS4SD,18
2025-06-15,IBM,5859
2025-06-15,ibm-aiu,6
2025-06-15,IBM-Cloud,49
2025-06-15,ibm-granite-community,35
2025-06-16,DS4SD,18
2025-06-16,IBM,5883
2025-06-16,ibm-aiu,6
2025-06-16,IBM-Cloud,49
2025-06-16,ibm-granite-community,35
2025-06-17,DS4SD,18
2025-06-17,IBM,5900
2025-06-17,ibm-aiu,6
2025-06-17,IBM-Cloud,49
2025-06-17,ibm-granite-community,35
2025-06-18,DS4SD,18
2025-06-18,IBM,5904
2025-06-18,ibm-aiu,6
2025-06-18,IBM-Cloud,49
2025-06-18,ibm-granite-community,35
2025-06-19,DS4SD,18
2025-06-19,IBM,5918
2025-06-19,ibm-aiu,6
2025-06-19,IBM-Cloud,49
2025-06-19,ibm-granite-community,35
2025-06-20,DS4SD,18
2025-06-20,IBM,5919
2025-06-20,ibm-aiu,6
2025-06-20,IBM-Cloud,49
2025-06-20,ibm-granite-community,35
2025-06-21,DS4SD,18
2025-06-21,IBM,5921
2025-06-21,ibm-aiu,6
2025-06-21,IBM-Cloud,49
2025-06-21,ibm-granite-community,35
2025-06-22,DS4SD,18
2025-06-22,IBM,5919
2025-06-22,ibm-aiu,6
2025-06-22,IBM-Cloud,49
2025-06-22,ibm-granite-community,35
2025-06-23,DS4SD,18
2025-06-23,IBM,5921
2025-06-23,ibm-aiu,6
2025-06-23,IBM-Cloud,49
2025-06-23,ibm-granite-community,35
2025-06-24,DS4SD,18
2025-06-24,IBM,5925
2025-06-24,ibm-aiu,6
2025-06-24,IBM-Cloud,49
2025-06-24,ibm-granite-community,35
2025-06-25,DS4SD,18
2025-06-25,IBM,5931
2025-06-25,ibm-aiu,6
2025-06-25,IBM-Cloud,49
2025-06-25,ibm-granite-community,35
2025-06-26,DS4SD,18
2025-06-26,IBM,5937
2025-06-26,ibm-aiu,6
2025-06-26,IBM-Cloud,49
2025-06-26,ibm-granite-community,35
2025-06-27,DS4SD,18
2025-06-27,IBM,5938
2025-06-27,ibm-aiu,6
2025-06-27,IBM-Cloud,49
2025-06-27,ibm-granite-community,35
2025-06-28,DS4SD,18
2025-06-28,IBM,5940
2025-06-28,ibm-aiu,6
2025-06-28,IBM-Cloud,49
2025-06-28,ibm-granite-community,35
2025-06-29,DS4SD,18
2025-06-29,IBM,5940
2025-06-29,ibm-aiu,6
2025-06-29,IBM-Cloud,49
2025-06-29,ibm-granite-community,35
2025-06-30,DS4SD,18
2025-06-30,IBM,5940
2025-06-30,ibm-aiu,6
2025-06-30,IBM-Cloud,49
2025-06-30,ibm-granite-community,35
2025-07-01,DS4SD,18
2025-07-01,IBM,5939
2025-07-01,ibm-aiu,6
2025-07-01,IBM-Cloud,49
2025-07-01,ibm-granite-community,35
2025-07-02,DS4SD,18
2025-07-02,IBM,5944
2025-07-02,ibm-aiu,6
2025-07-02,IBM-Cloud,49
2025-07-02,ibm-granite-community,35
2025-07-03,DS4SD,18
2025-07-03,IBM,5954
2025-07-03,ibm-aiu,6
2025-07-03,IBM-Cloud,49
2025-07-03,ibm-granite-community,35
2025-07-04,DS4SD,18
2025-07-04,IBM,5959
2025-07-04,ibm-aiu,6
2025-07-04,IBM-Cloud,49
2025-07-04,ibm-granite-community,35
2025-07-05,DS4SD,18
2025-07-05,IBM,5960
2025-07-05,ibm-aiu,6
2025-07-05,IBM-Cloud,49
2025-07-05,ibm-granite-community,35
2025-07-06,DS4SD,18
2025-07-06,IBM,5960
2025-07-06,ibm-aiu,6
2025-07-06,IBM-Cloud,49
2025-07-06,ibm-granite-community,35
2025-07-07,DS4SD,18
2025-07-07,IBM,5962
2025-07-07,ibm-aiu,6
2025-07-07,IBM-Cloud,49
2025-07-07,ibm-granite-community,35
2025-07-08,DS4SD,18
2025-07-08,IBM,5972
2025-07-08,ibm-aiu,6
2025-07-08,IBM-Cloud,49
2025-07-08,ibm-granite-community,35
2025-07-09,DS4SD,18
2025-07-09,IBM,5986
2025-07-09,ibm-aiu,6
2025-07-09,IBM-Cloud,49
2025-07-09,ibm-granite-community,35
2025-07-10,DS4SD,18
2025-07-10,IBM,5997
2025-07-10,ibm-aiu,6
2025-07-10,IBM-Cloud,49
2025-07-10,ibm-granite-community,35
2025-07-11,DS4SD,18
2025-07-11,IBM,6006
2025-07-11,ibm-aiu,6
2025-07-11,IBM-Cloud,49
2025-07-11,ibm-granite-community,35
2025-07-12,DS4SD,18
2025-07-12,IBM,6006
2025-07-12,ibm-aiu,6
2025-07-12,IBM-Cloud,49
2025-07-12,ibm-granite-community,35
2025-07-13,DS4SD,18
2025-07-13,IBM,6005
2025-07-13,ibm-aiu,6
2025-07-13,IBM-Cloud,49
2025-07-13,ibm-granite-community,35
2025-07-14,DS4SD,18
2025-07-14,IBM,6010
2025-07-14,ibm-aiu,6
2025-07-14,IBM-Cloud,49
2025-07-14,ibm-granite-community,35
2025-07-15,DS4SD,18
2025-07-15,IBM,6019
2025-07-15,ibm-aiu,6
2025-07-15,IBM-Cloud,49
2025-07-15,ibm-granite-community,35
2025-07-16,DS4SD,18
2025-07-16,IBM,6028
2025-07-16,ibm-aiu,6
2025-07-16,IBM-Cloud,49
2025-07-16,ibm-granite-community,35
2025-07-17,DS4SD,18
2025-07-17,IBM,6031
2025-07-17,ibm-aiu,6
2025-07-17,IBM-Cloud,49
2025-07-17,ibm-granite-community,35
2025-07-18,DS4SD,18
2025-07-18,IBM,6033
2025-07-18,ibm-aiu,6
2025-07-18,IBM-Cloud,49
2025-07-18,ibm-granite-community,35
2025-07-19,DS4SD,18
2025-07-19,IBM,6035
2025-07-19,ibm-aiu,6
2025-07-19,IBM-Cloud,49
2025-07-19,ibm-granite-community,35
2025-07-20,DS4SD,18
2025-07-20,IBM,6035
2025-07-20,ibm-aiu,6
2025-07-20,IBM-Cloud,49
2025-07-20,ibm-granite-community,35
2025-07-21,DS4SD,18
2025-07-21,IBM,6038
2025-07-21,ibm-aiu,6
2025-07-21,IBM-Cloud,49
2025-07-21,ibm-granite-community,35
2025-07-22,DS4SD,18
2025-07-22,IBM,6044
2025-07-22,ibm-aiu,6
2025-07-22,IBM-Cloud,49
2025-07-22,ibm-granite-community,35
2025-07-23,DS4SD,18
2025-07-23,IBM,6051
2025-07-23,ibm-aiu,6
2025-07-23,IBM-Cloud,49
2025-07-23,ibm-granite-community,35
2025-07-24,DS4SD,18
2025-07-24,IBM,6058
2025-07-24,ibm-aiu,6
2025-07-24,IBM-Cloud,50
2025-07-24,ibm-granite-community,35
2025-07-25,DS4SD,18
2025-07-25,IBM,6069
2025-07-25,ibm-aiu,6
2025-07-25,IBM-Cloud,50
2025-07-25,ibm-granite-community,35
2025-07-26,DS4SD,18
2025-07-26,IBM,6074
2025-07-26,ibm-aiu,6
2025-07-26,IBM-Cloud,50
2025-07-26,ibm-granite-community,35
2025-07-27,DS4SD,18
2025-07-27,IBM,6075
2025-07-27,ibm-aiu,6
2025-07-27,IBM-Cloud,50
2025-07-27,ibm-granite-community,35
2025-07-28,DS4SD,18
2025-07-28,IBM,6083
2025-07-28,ibm-aiu,6
2025-07-28,IBM-Cloud,50
2025-07-28,ibm-granite-community,35
2025-07-29,DS4SD,18
2025-07-29,IBM,6085
2025-07-29,ibm-aiu,6
2025-07-29,IBM-Cloud,50
2025-07-29,ibm-granite-community,35
2025-07-30,DS4SD,18
2025-07-30,IBM,6091
2025-07-30,ibm-aiu,6
2025-07-30,IBM-Cloud,50
2025-07-30,ibm-granite-community,35
2025-07-31,DS4SD,18
2025-07-31,IBM,6095
2025-07-31,ibm-aiu,6
2025-07-31,IBM-Cloud,50
2025-07-31,ibm-granite-community,35
2025-08-01,DS4SD,18
2025-08-01,IBM,6098
2025-08-01,ibm-aiu,6
2025-08-01,IBM-Cloud,50
2025-08-01,ibm-granite-community,35
2025-08-02,DS4SD,18
2025-08-02,IBM,6100
2025-08-02,ibm-aiu,6
2025-08-02,IBM-Cloud,50
2025-08-02,ibm-granite-community,35
2025-08-03,DS4SD,18
2025-08-03,IBM,6100
2025-08-03,ibm-aiu,6
2025-08-03,IBM-Cloud,50
2025-08-03,ibm-granite-community,35
2025-08-04,DS4SD,18
2025-08-04,IBM,6100
2025-08-04,ibm-aiu,6
2025-08-04,IBM-Cloud,50
2025-08-04,ibm-granite-community,35
2025-08-05,DS4SD,18
2025-08-05,IBM,6102
2025-08-05,ibm-aiu,6
2025-08-05,IBM-Cloud,50
2025-08-05,ibm-granite-community,35
2025-08-06,DS4SD,18
2025-08-06,IBM,6106
2025-08-06,ibm-aiu,6
2025-08-06,IBM-Cloud,50
2025-08-06,ibm-granite-community,35
2025-08-07,DS4SD,18
2025-08-07,IBM,6114
2025-08-07,ibm-aiu,6
2025-08-07,IBM-Cloud,50
2025-08-07,ibm-granite-community,35
2025-08-08,DS4SD,18
2025-08-08,IBM,6116
2025-08-08,ibm-aiu,6
2025-08-08,IBM-Cloud,50
2025-08-08,ibm-granite-community,35
2025-08-09,DS4SD,18
2025-08-09,IBM,6120
2025-08-09,ibm-aiu,6
2025-08-09,IBM-Cloud,50
2025-08-09,ibm-granite-community,35
2025-08-10,DS4SD,18
2025-08-10,IBM,6121
2025-08-10,ibm-aiu,6
2025-08-10,IBM-Cloud,50
2025-08-10,ibm-granite-community,35
2025-08-11,DS4SD,18
2025-08-11,IBM,6124
2025-08-11,ibm-aiu,6
2025-08-11,IBM-Cloud,50
2025-08-11,ibm-granite-community,35
2025-08-12,DS4SD,18
2025-08-12,IBM,6131
2025-08-12,ibm-aiu,6
2025-08-12,IBM-Cloud,50
2025-08-12,ibm-granite-community,35
2025-08-13,DS4SD,18
2025-08-13,IBM,6138
2025-08-13,ibm-aiu,6
2025-08-13,IBM-Cloud,50
2025-08-13,ibm-granite-community,35
2025-08-14,DS4SD,18
2025-08-14,IBM,6142
2025-08-14,ibm-aiu,6
2025-08-14,IBM-Cloud,50
2025-08-14,ibm-granite-community,35
2025-08-15,DS4SD,18
2025-08-15,IBM,6144
2025-08-15,ibm-aiu,6
2025-08-15,IBM-Cloud,50
2025-08-15,ibm-granite-community,35
2025-08-16,DS4SD,18
2025-08-16,IBM,6146
2025-08-16,ibm-aiu,6
2025-08-16,IBM-Cloud,50
2025-08-16,ibm-granite-community,35
2025-08-17,DS4SD,18
2025-08-17,IBM,6145
2025-08-17,ibm-aiu,6
2025-08-17,IBM-Cloud,50
2025-08-17,ibm-granite-community,35
2025-08-18,DS4SD,18
2025-08-18,IBM,6148
2025-08-18,ibm-aiu,6
2025-08-18,IBM-Cloud,50
2025-08-18,ibm-granite-community,35
2025-08-19,DS4SD,18
2025-08-19,IBM,6152
2025-08-19,ibm-aiu,6
2025-08-19,IBM-Cloud,50
2025-08-19,ibm-granite-community,35
2025-08-20,DS4SD,18
2025-08-20,IBM,6155
2025-08-20,ibm-aiu,6
2025-08-20,IBM-Cloud,50
2025-08-20,ibm-granite-community,35
2025-08-21,DS4SD,18
2025-08-21,IBM,6157
2025-08-21,ibm-aiu,6
2025-08-21,IBM-Cloud,50
2025-08-21,ibm-granite-community,35
2025-08-22,DS4SD,18
2025-08-22,DS4SD,18
2025-08-22,IBM,6157
2025-08-22,IBM,6158
2025-08-22,ibm-aiu,6
2025-08-22,ibm-aiu,6
2025-08-22,IBM-Cloud,50
2025-08-22,IBM-Cloud,50
2025-08-22,ibm-granite-community,35
2025-08-22,ibm-granite-community,35
2025-08-23,DS4SD,18
2025-08-23,DS4SD,18
2025-08-23,IBM,6159
2025-08-23,IBM,6159
2025-08-23,ibm-aiu,6
2025-08-23,ibm-aiu,6
2025-08-23,IBM-Cloud,50
2025-08-23,IBM-Cloud,50
2025-08-23,ibm-granite-community,35
2025-08-23,ibm-granite-community,35
2025-08-24,DS4SD,18
2025-08-24,DS4SD,18
2025-08-24,IBM,6159
2025-08-24,IBM,6159
2025-08-24,ibm-aiu,6
2025-08-24,ibm-aiu,6
2025-08-24,IBM-Cloud,50
2025-08-24,IBM-Cloud,50
2025-08-24,ibm-granite-community,35
2025-08-24,ibm-granite-community,35
2025-08-25,DS4SD,18
2025-08-25,DS4SD,18
2025-08-25,IBM,6160
2025-08-25,IBM,6162
2025-08-25,ibm-aiu,6
2025-08-25,ibm-aiu,6
2025-08-25,IBM-Cloud,50
2025-08-25,IBM-Cloud,50
2025-08-25,ibm-granite-community,35
2025-08-25,ibm-granite-community,35
2025-08-26,DS4SD,18
2025-08-26,DS4SD,18
2025-08-26,IBM,5989
2025-08-26,IBM,6002
2025-08-26,ibm-aiu,6
2025-08-26,ibm-aiu,6
2025-08-26,IBM-Cloud,50
2025-08-26,IBM-Cloud,50
2025-08-26,ibm-granite-community,35
2025-08-26,ibm-granite-community,35
2025-08-27,DS4SD,18
2025-08-27,DS4SD,17
2025-08-27,IBM,6010
2025-08-27,IBM,6014
2025-08-27,ibm-aiu,6
2025-08-27,ibm-aiu,6
2025-08-27,IBM-Cloud,49
2025-08-27,IBM-Cloud,49
2025-08-27,ibm-granite-community,35
2025-08-27,ibm-granite-community,35
2025-08-28,DS4SD,17
2025-08-28,DS4SD,17
2025-08-28,IBM,6018
2025-08-28,IBM,6021
2025-08-28,ibm-aiu,6
2025-08-28,ibm-aiu,6
2025-08-28,IBM-Cloud,49
2025-08-28,IBM-Cloud,49
2025-08-28,ibm-granite-community,35
2025-08-28,ibm-granite-community,35
2025-08-29,DS4SD,17
2025-08-29,DS4SD,17
2025-08-29,IBM,6024
2025-08-29,IBM,6024
2025-08-29,ibm-aiu,6
2025-08-29,ibm-aiu,6
2025-08-29,IBM-Cloud,49
2025-08-29,IBM-Cloud,49
2025-08-29,ibm-granite-community,33
2025-08-29,ibm-granite-community,33
2025-08-30,DS4SD,17
2025-08-30,DS4SD,17
2025-08-30,IBM,6026
2025-08-30,IBM,6026
2025-08-30,ibm-aiu,6
2025-08-30,ibm-aiu,6
2025-08-30,IBM-Cloud,49
2025-08-30,IBM-Cloud,49
2025-08-30,ibm-granite-community,33
2025-08-30,ibm-granite-community,33
2025-08-31,DS4SD,17
2025-08-31,DS4SD,17
2025-08-31,IBM,6027
2025-08-31,IBM,6018
2025-08-31,ibm-aiu,6
2025-08-31,ibm-aiu,6
2025-08-31,IBM-Cloud,49
2025-08-31,IBM-Cloud,49
2025-08-31,ibm-granite-community,33
2025-08-31,ibm-granite-community,33
2025-09-01,DS4SD,17
2025-09-01,DS4SD,17
2025-09-01,IBM,6018
2025-09-01,IBM,6020
2025-09-01,ibm-aiu,6
2025-09-01,ibm-aiu,6
2025-09-01,IBM-Cloud,49
2025-09-01,IBM-Cloud,49
2025-09-01,ibm-granite-community,33
2025-09-01,ibm-granite-community,33
2025-09-02,DS4SD,17
2025-09-02,DS4SD,17
2025-09-02,IBM,6020
2025-09-02,IBM,6022
2025-09-02,ibm-aiu,6
2025-09-02,ibm-aiu,6
2025-09-02,IBM-Cloud,49
2025-09-02,IBM-Cloud,49
2025-09-02,ibm-granite-community,33
2025-09-02,ibm-granite-community,33
2025-09-03,DS4SD,17
2025-09-03,DS4SD,17
2025-09-03,IBM,6020
2025-09-03,IBM,6019
2025-09-03,ibm-aiu,6
2025-09-03,ibm-aiu,6
2025-09-03,IBM-Cloud,49
2025-09-03,IBM-Cloud,49
2025-09-03,ibm-granite-community,33
2025-09-03,ibm-granite-community,33
2025-09-04,DS4SD,17
2025-09-04,DS4SD,17
2025-09-04,IBM,6022
2025-09-04,IBM,6025
2025-09-04,ibm-aiu,6
2025-09-04,ibm-aiu,6
2025-09-04,IBM-Cloud,49
2025-09-04,IBM-Cloud,49
2025-09-04,ibm-granite-community,33
2025-09-04,ibm-granite-community,33
2025-09-05,DS4SD,17
2025-09-05,DS4SD,17
2025-09-05,IBM,6024
2025-09-05,IBM,6012
2025-09-05,ibm-aiu,6
2025-09-05,ibm-aiu,6
2025-09-05,IBM-Cloud,49
2025-09-05,IBM-Cloud,49
2025-09-05,ibm-granite-community,33
2025-09-05,ibm-granite-community,33
2025-09-06,DS4SD,17
2025-09-06,DS4SD,17
2025-09-06,IBM,6026
2025-09-06,IBM,6026
2025-09-06,ibm-aiu,6
2025-09-06,ibm-aiu,6
2025-09-06,IBM-Cloud,49
2025-09-06,IBM-Cloud,49
2025-09-06,ibm-granite-community,33
2025-09-06,ibm-granite-community,33
2025-09-07,DS4SD,17
2025-09-07,DS4SD,17
2025-09-07,IBM,6024
2025-09-07,IBM,6022
2025-09-07,ibm-aiu,6
2025-09-07,ibm-aiu,6
2025-09-07,IBM-Cloud,49
2025-09-07,IBM-Cloud,49
2025-09-07,ibm-granite-community,33
2025-09-07,ibm-granite-community,33
2025-09-08,DS4SD,17
2025-09-08,DS4SD,17
2025-09-08,IBM,6030
2025-09-08,IBM,6039
2025-09-08,ibm-aiu,6
2025-09-08,ibm-aiu,6
2025-09-08,IBM-Cloud,49
2025-09-08,IBM-Cloud,49
2025-09-08,ibm-granite-community,33
2025-09-08,ibm-granite-community,33
2025-09-09,DS4SD,17
2025-09-09,DS4SD,17
2025-09-09,IBM,6049
2025-09-09,IBM,6055
2025-09-09,ibm-aiu,6
2025-09-09,ibm-aiu,6
2025-09-09,IBM-Cloud,49
2025-09-09,IBM-Cloud,49
2025-09-09,ibm-granite-community,33
2025-09-09,ibm-granite-community,33
2025-09-10,DS4SD,17
2025-09-10,DS4SD,17
2025-09-10,IBM,6063
2025-09-10,IBM,6066
2025-09-10,ibm-aiu,6
2025-09-10,ibm-aiu,6
2025-09-10,IBM-Cloud,49
2025-09-10,IBM-Cloud,49
2025-09-10,ibm-granite-community,33
2025-09-10,ibm-granite-community,33
2025-09-11,DS4SD,17
2025-09-11,DS4SD,17
2025-09-11,IBM,6079
2025-09-11,IBM,6090
2025-09-11,ibm-aiu,6
2025-09-11,ibm-aiu,6
2025-09-11,IBM-Cloud,49
2025-09-11,IBM-Cloud,49
2025-09-11,ibm-granite-community,33
2025-09-11,ibm-granite-community,33
2025-09-12,DS4SD,17
2025-09-12,DS4SD,17
2025-09-12,IBM,6090
2025-09-12,IBM,6089
2025-09-12,ibm-aiu,6
2025-09-12,ibm-aiu,6
2025-09-12,IBM-Cloud,50
2025-09-12,IBM-Cloud,50
2025-09-12,ibm-granite-community,33
2025-09-12,ibm-granite-community,33
2025-09-13,DS4SD,17
2025-09-13,DS4SD,17
2025-09-13,IBM,6092
2025-09-13,IBM,6093
2025-09-13,ibm-aiu,6
2025-09-13,ibm-aiu,6
2025-09-13,IBM-Cloud,49
2025-09-13,IBM-Cloud,49
2025-09-13,ibm-granite-community,33
2025-09-13,ibm-granite-community,33
2025-09-14,DS4SD,17
2025-09-14,DS4SD,17
2025-09-14,IBM,6091
2025-09-14,IBM,6087
2025-09-14,ibm-aiu,6
2025-09-14,ibm-aiu,6
2025-09-14,IBM-Cloud,49
2025-09-14,IBM-Cloud,49
2025-09-14,ibm-granite-community,33
2025-09-14,ibm-granite-community,33
2025-09-15,DS4SD,17
2025-09-15,DS4SD,17
2025-09-15,IBM,6087
2025-09-15,IBM,6088
2025-09-15,ibm-aiu,6
2025-09-15,ibm-aiu,6
2025-09-15,IBM-Cloud,49
2025-09-15,IBM-Cloud,49
2025-09-15,ibm-granite-community,33
2025-09-15,ibm-granite-community,33
2025-09-16,DS4SD,17
2025-09-16,DS4SD,17
2025-09-16,IBM,6091
2025-09-16,IBM,6091
2025-09-16,ibm-aiu,6
2025-09-16,ibm-aiu,6
2025-09-16,IBM-Cloud,49
2025-09-16,IBM-Cloud,49
2025-09-16,ibm-granite-community,34
2025-09-16,ibm-granite-community,34
2025-09-17,DS4SD,17
2025-09-17,DS4SD,17
2025-09-17,IBM,6097
2025-09-17,IBM,6097
2025-09-17,ibm-aiu,6
2025-09-17,ibm-aiu,6
2025-09-17,IBM-Cloud,49
2025-09-17,IBM-Cloud,49
2025-09-17,ibm-granite-community,34
2025-09-17,ibm-granite-community,34
2025-09-18,DS4SD,17
2025-09-18,DS4SD,17
2025-09-18,IBM,6102
2025-09-18,IBM,6105
2025-09-18,ibm-aiu,6
2025-09-18,ibm-aiu,6
2025-09-18,IBM-Cloud,50
2025-09-18,IBM-Cloud,50
2025-09-18,ibm-granite-community,34
2025-09-18,ibm-granite-community,34
2025-09-19,DS4SD,17
2025-09-19,DS4SD,17
2025-09-19,IBM,6113
2025-09-19,IBM,6115
2025-09-19,ibm-aiu,6
2025-09-19,ibm-aiu,6
2025-09-19,IBM-Cloud,50
2025-09-19,IBM-Cloud,50
2025-09-19,ibm-granite-community,34
2025-09-19,ibm-granite-community,34
2025-09-20,DS4SD,17
2025-09-20,DS4SD,17
2025-09-20,IBM,6116
2025-09-20,IBM,6116
2025-09-20,ibm-aiu,6
2025-09-20,ibm-aiu,6
2025-09-20,IBM-Cloud,50
2025-09-20,IBM-Cloud,50
2025-09-20,ibm-granite-community,34
2025-09-20,ibm-granite-community,34
2025-09-21,DS4SD,17
2025-09-21,DS4SD,17
2025-09-21,IBM,6115
2025-09-21,IBM,6113
2025-09-21,ibm-aiu,6
2025-09-21,ibm-aiu,6
2025-09-21,IBM-Cloud,50
2025-09-21,IBM-Cloud,50
2025-09-21,ibm-granite-community,34
2025-09-21,ibm-granite-community,34
2025-09-22,DS4SD,17
2025-09-22,DS4SD,17
2025-09-22,IBM,6114
2025-09-22,IBM,6116
2025-09-22,ibm-aiu,6
2025-09-22,ibm-aiu,6
2025-09-22,IBM-Cloud,50
2025-09-22,IBM-Cloud,50
2025-09-22,ibm-granite-community,34
2025-09-22,ibm-granite-community,34
2025-09-23,DS4SD,17
2025-09-23,DS4SD,17
2025-09-23,IBM,6126
2025-09-23,IBM,6128
2025-09-23,ibm-aiu,6
2025-09-23,ibm-aiu,6
2025-09-23,IBM-Cloud,50
2025-09-23,IBM-Cloud,50
2025-09-23,ibm-granite-community,34
2025-09-23,ibm-granite-community,34
2025-09-24,DS4SD,17
2025-09-24,DS4SD,17
2025-09-24,IBM,6133
2025-09-24,IBM,6134
2025-09-24,ibm-aiu,6
2025-09-24,ibm-aiu,6
2025-09-24,IBM-Cloud,50
2025-09-24,IBM-Cloud,50
2025-09-24,ibm-granite-community,34
2025-09-24,ibm-granite-community,34
2025-09-25,DS4SD,17
2025-09-25,DS4SD,17
2025-09-25,IBM,6138
2025-09-25,IBM,6139
2025-09-25,ibm-aiu,6
2025-09-25,ibm-aiu,6
2025-09-25,IBM-Cloud,50
2025-09-25,IBM-Cloud,50
2025-09-25,ibm-granite-community,35
2025-09-25,ibm-granite-community,35
2025-09-26,DS4SD,17
2025-09-26,DS4SD,17
2025-09-26,IBM,6143
2025-09-26,IBM,6145
2025-09-26,ibm-aiu,6
2025-09-26,ibm-aiu,6
2025-09-26,IBM-Cloud,50
2025-09-26,IBM-Cloud,50
2025-09-26,ibm-granite-community,35
2025-09-26,ibm-granite-community,35
2025-09-27,DS4SD,17
2025-09-27,DS4SD,17
2025-09-27,IBM,6147
2025-09-27,IBM,6147
2025-09-27,ibm-aiu,6
2025-09-27,ibm-aiu,6
2025-09-27,IBM-Cloud,50
2025-09-27,IBM-Cloud,50
2025-09-27,ibm-granite-community,35
2025-09-27,ibm-granite-community,35
2025-09-28,DS4SD,17
2025-09-28,DS4SD,17
2025-09-28,IBM,6146
2025-09-28,IBM,6146
2025-09-28,ibm-aiu,6
2025-09-28,ibm-aiu,6
2025-09-28,IBM-Cloud,50
2025-09-28,IBM-Cloud,50
2025-09-28,ibm-granite-community,35
2025-09-28,ibm-granite-community,35
2025-09-29,DS4SD,17
2025-09-29,DS4SD,17
2025-09-29,IBM,6146
2025-09-29,IBM,6148
2025-09-29,ibm-aiu,6
2025-09-29,ibm-aiu,6
2025-09-29,IBM-Cloud,50
2025-09-29,IBM-Cloud,50
2025-09-29,ibm-granite-community,35
2025-09-29,ibm-granite-community,35
2025-09-30,DS4SD,17
2025-09-30,DS4SD,17
2025-09-30,IBM,6150
2025-09-30,IBM,6150
2025-09-30,ibm-aiu,6
2025-09-30,ibm-aiu,6
2025-09-30,IBM-Cloud,50
2025-09-30,IBM-Cloud,50
2025-09-30,ibm-granite-community,35
2025-09-30,ibm-granite-community,35
2025-10-01,DS4SD,17
2025-10-01,DS4SD,17
2025-10-01,IBM,6153
2025-10-01,IBM,6149
2025-10-01,ibm-aiu,6
2025-10-01,ibm-aiu,6
2025-10-01,IBM-Cloud,52
2025-10-01,IBM-Cloud,52
2025-10-01,ibm-granite-community,35
2025-10-01,ibm-granite-community,35
2025-10-02,DS4SD,17
2025-10-02,DS4SD,17
2025-10-02,IBM,6153
2025-10-02,IBM,6157
2025-10-02,ibm-aiu,6
2025-10-02,ibm-aiu,6
2025-10-02,IBM-Cloud,52
2025-10-02,IBM-Cloud,52
2025-10-02,ibm-granite-community,35
2025-10-02,ibm-granite-community,35
2025-10-03,DS4SD,17
2025-10-03,DS4SD,17
2025-10-03,IBM,6147
2025-10-03,IBM,6146
2025-10-03,ibm-aiu,6
2025-10-03,ibm-aiu,6
2025-10-03,IBM-Cloud,52
2025-10-03,IBM-Cloud,52
2025-10-03,ibm-granite-community,35
2025-10-03,ibm-granite-community,35
2025-10-04,DS4SD,17
2025-10-04,DS4SD,17
2025-10-04,IBM,6149
2025-10-04,IBM,6149
2025-10-04,ibm-aiu,6
2025-10-04,ibm-aiu,6
2025-10-04,IBM-Cloud,52
2025-10-04,IBM-Cloud,52
2025-10-04,ibm-granite-community,35
2025-10-04,ibm-granite-community,35
2025-10-05,DS4SD,17
2025-10-05,DS4SD,17
2025-10-05,IBM,6150
2025-10-05,IBM,6147
2025-10-05,ibm-aiu,6
2025-10-05,ibm-aiu,6
2025-10-05,IBM-Cloud,52
2025-10-05,IBM-Cloud,52
2025-10-05,ibm-granite-community,35
2025-10-05,ibm-granite-community,35
2025-10-06,DS4SD,17
2025-10-06,DS4SD,17
2025-10-06,IBM,6147
2025-10-06,IBM,6153
2025-10-06,ibm-aiu,6
2025-10-06,ibm-aiu,6
2025-10-06,IBM-Cloud,52
2025-10-06,IBM-Cloud,52
2025-10-06,ibm-granite-community,35
2025-10-06,ibm-granite-community,35
2025-10-07,DS4SD,17
2025-10-07,DS4SD,17
2025-10-07,IBM,6155
2025-10-07,IBM,6156
2025-10-07,ibm-aiu,6
2025-10-07,ibm-aiu,6
2025-10-07,IBM-Cloud,52
2025-10-07,IBM-Cloud,52
2025-10-07,ibm-granite-community,35
2025-10-07,ibm-granite-community,35
2025-10-08,DS4SD,17
2025-10-08,DS4SD,17
2025-10-08,IBM,6156
2025-10-08,IBM,6158
2025-10-08,ibm-aiu,6
2025-10-08,ibm-aiu,6
2025-10-08,IBM-Cloud,52
2025-10-08,IBM-Cloud,52
2025-10-08,ibm-granite-community,35
2025-10-08,ibm-granite-community,35
2025-10-09,DS4SD,17
2025-10-09,DS4SD,17
2025-10-09,IBM,6162
2025-10-09,IBM,6165
2025-10-09,ibm-aiu,6
2025-10-09,ibm-aiu,6
2025-10-09,IBM-Cloud,52
2025-10-09,IBM-Cloud,52
2025-10-09,ibm-granite-community,35
2025-10-09,ibm-granite-community,35
2025-10-10,DS4SD,17
2025-10-10,DS4SD,17
2025-10-10,IBM,6165
2025-10-10,IBM,6168
2025-10-10,ibm-aiu,6
2025-10-10,ibm-aiu,6
2025-10-10,IBM-Cloud,52
2025-10-10,IBM-Cloud,52
2025-10-10,ibm-granite-community,35
2025-10-10,ibm-granite-community,35
2025-10-11,DS4SD,17
2025-10-11,DS4SD,17
2025-10-11,IBM,6171
2025-10-11,IBM,6171
2025-10-11,ibm-aiu,6
2025-10-11,ibm-aiu,6
2025-10-11,IBM-Cloud,52
2025-10-11,IBM-Cloud,52
2025-10-11,ibm-granite-community,35
2025-10-11,ibm-granite-community,35
2025-10-12,DS4SD,17
2025-10-12,DS4SD,17
2025-10-12,IBM,6171
2025-10-12,IBM,6162
2025-10-12,ibm-aiu,6
2025-10-12,ibm-aiu,6
2025-10-12,IBM-Cloud,52
2025-10-12,IBM-Cloud,52
2025-10-12,ibm-granite-community,35
2025-10-12,ibm-granite-community,35
2025-10-13,DS4SD,17
2025-10-13,DS4SD,17
2025-10-13,IBM,6162
2025-10-13,IBM,6163
2025-10-13,ibm-aiu,6
2025-10-13,ibm-aiu,6
2025-10-13,IBM-Cloud,52
2025-10-13,IBM-Cloud,52
2025-10-13,ibm-granite-community,35
2025-10-13,ibm-granite-community,35
2025-10-14,DS4SD,17
2025-10-14,DS4SD,17
2025-10-14,IBM,6166
2025-10-14,IBM,6171
2025-10-14,ibm-aiu,6
2025-10-14,ibm-aiu,6
2025-10-14,IBM-Cloud,52
2025-10-14,IBM-Cloud,52
2025-10-14,ibm-granite-community,35
2025-10-14,ibm-granite-community,35
2025-10-15,DS4SD,17
2025-10-15,DS4SD,17
2025-10-15,IBM,6178
2025-10-15,IBM,6173
2025-10-15,ibm-aiu,6
2025-10-15,ibm-aiu,6
2025-10-15,IBM-Cloud,52
2025-10-15,IBM-Cloud,52
2025-10-15,ibm-granite-community,35
2025-10-15,ibm-granite-community,35
2025-10-16,DS4SD,17
2025-10-16,DS4SD,17
2025-10-16,IBM,6175
2025-10-16,IBM,6175
2025-10-16,ibm-aiu,6
2025-10-16,ibm-aiu,6
2025-10-16,IBM-Cloud,52
2025-10-16,IBM-Cloud,52
2025-10-16,ibm-granite-community,35
2025-10-16,ibm-granite-community,35
2025-10-17,DS4SD,17
2025-10-17,DS4SD,17
2025-10-17,IBM,6176
2025-10-17,IBM,6171
2025-10-17,ibm-aiu,6
2025-10-17,ibm-aiu,6
2025-10-17,IBM-Cloud,52
2025-10-17,IBM-Cloud,52
2025-10-17,ibm-granite-community,35
2025-10-17,ibm-granite-community,35
2025-10-18,DS4SD,17
2025-10-18,DS4SD,17
2025-10-18,IBM,6174
2025-10-18,IBM,6174
2025-10-18,ibm-aiu,6
2025-10-18,ibm-aiu,6
2025-10-18,IBM-Cloud,52
2025-10-18,IBM-Cloud,52
2025-10-18,ibm-granite-community,35
2025-10-18,ibm-granite-community,35
2025-10-19,DS4SD,17
2025-10-19,DS4SD,17
2025-10-19,IBM,6141
2025-10-19,IBM,6132
2025-10-19,ibm-aiu,6
2025-10-19,ibm-aiu,6
2025-10-19,IBM-Cloud,52
2025-10-19,IBM-Cloud,52
2025-10-19,ibm-granite-community,35
2025-10-19,ibm-granite-community,35
2025-10-20,DS4SD,17
2025-10-20,DS4SD,17
2025-10-20,IBM,6132
2025-10-20,IBM,6137
2025-10-20,ibm-aiu,6
2025-10-20,ibm-aiu,6
2025-10-20,IBM-Cloud,52
2025-10-20,IBM-Cloud,52
2025-10-20,ibm-granite-community,35
2025-10-20,ibm-granite-community,35
2025-10-21,DS4SD,17
2025-10-21,DS4SD,17
2025-10-21,IBM,6143
2025-10-21,IBM,6148
2025-10-21,ibm-aiu,6
2025-10-21,ibm-aiu,6
2025-10-21,IBM-Cloud,52
2025-10-21,IBM-Cloud,52
2025-10-21,ibm-granite-community,35
2025-10-21,ibm-granite-community,35
2025-10-22,DS4SD,17
2025-10-22,DS4SD,17
2025-10-22,IBM,6152
2025-10-22,IBM,6153
2025-10-22,ibm-aiu,6
2025-10-22,ibm-aiu,6
2025-10-22,IBM-Cloud,52
2025-10-22,IBM-Cloud,52
2025-10-22,ibm-granite-community,35
2025-10-22,ibm-granite-community,35
2025-10-23,DS4SD,17
2025-10-23,DS4SD,17
2025-10-23,IBM,6157
2025-10-23,IBM,6160
2025-10-23,ibm-aiu,6
2025-10-23,ibm-aiu,6
2025-10-23,IBM-Cloud,52
2025-10-23,IBM-Cloud,52
2025-10-23,ibm-granite-community,36
2025-10-23,ibm-granite-community,36
2025-10-24,DS4SD,17
2025-10-24,DS4SD,17
2025-10-24,IBM,6161
2025-10-24,IBM,6161
2025-10-24,ibm-aiu,6
2025-10-24,ibm-aiu,6
2025-10-24,IBM-Cloud,52
2025-10-24,IBM-Cloud,52
2025-10-24,ibm-granite-community,36
2025-10-24,ibm-granite-community,36
2025-10-25,DS4SD,17
2025-10-25,DS4SD,17
2025-10-25,IBM,6165
2025-10-25,IBM,6165
2025-10-25,ibm-aiu,6
2025-10-25,ibm-aiu,6
2025-10-25,IBM-Cloud,52
2025-10-25,IBM-Cloud,52
2025-10-25,ibm-granite-community,36
2025-10-25,ibm-granite-community,36
2025-10-26,DS4SD,17
2025-10-26,DS4SD,17
2025-10-26,IBM,6165
2025-10-26,IBM,6164
2025-10-26,ibm-aiu,6
2025-10-26,ibm-aiu,6
2025-10-26,IBM-Cloud,52
2025-10-26,IBM-Cloud,52
2025-10-26,ibm-granite-community,36
2025-10-26,ibm-granite-community,36
2025-10-27,DS4SD,17
2025-10-27,DS4SD,17
2025-10-27,IBM,6164
2025-10-27,IBM,6166
2025-10-27,ibm-aiu,6
2025-10-27,ibm-aiu,6
2025-10-27,IBM-Cloud,52
2025-10-27,IBM-Cloud,52
2025-10-27,ibm-granite-community,36
2025-10-27,ibm-granite-community,36
2025-10-28,DS4SD,17
2025-10-28,DS4SD,17
2025-10-28,IBM,6168
2025-10-28,IBM,6172
2025-10-28,ibm-aiu,6
2025-10-28,ibm-aiu,6
2025-10-28,IBM-Cloud,52
2025-10-28,IBM-Cloud,52
2025-10-28,ibm-granite-community,36
2025-10-28,ibm-granite-community,36
2025-10-29,DS4SD,17
2025-10-29,DS4SD,17
2025-10-29,IBM,6177
2025-10-29,IBM,6179
2025-10-29,ibm-aiu,6
2025-10-29,ibm-aiu,6
2025-10-29,IBM-Cloud,52
2025-10-29,IBM-Cloud,52
2025-10-29,ibm-granite-community,36
2025-10-29,ibm-granite-community,36
2025-10-30,DS4SD,17
2025-10-30,DS4SD,17
2025-10-30,IBM,6183
2025-10-30,IBM,6183
2025-10-30,ibm-aiu,6
2025-10-30,ibm-aiu,6
2025-10-30,IBM-Cloud,52
2025-10-30,IBM-Cloud,52
2025-10-30,ibm-granite-community,36
2025-10-30,ibm-granite-community,36
2025-10-31,DS4SD,17
2025-10-31,DS4SD,17
2025-10-31,IBM,6184
2025-10-31,IBM,6182
2025-10-31,ibm-aiu,6
2025-10-31,ibm-aiu,6
2025-10-31,IBM-Cloud,52
2025-10-31,IBM-Cloud,52
2025-10-31,ibm-granite-community,36
2025-10-31,ibm-granite-community,36
2025-11-01,DS4SD,17
2025-11-01,DS4SD,17
2025-11-01,IBM,6183
2025-11-01,IBM,6183
2025-11-01,ibm-aiu,6
2025-11-01,ibm-aiu,6
2025-11-01,IBM-Cloud,52
2025-11-01,IBM-Cloud,52
2025-11-01,ibm-granite-community,37
2025-11-01,ibm-granite-community,37
2025-11-02,DS4SD,17
2025-11-02,DS4SD,17
2025-11-02,IBM,6180
2025-11-02,IBM,6180
2025-11-02,ibm-aiu,6
2025-11-02,ibm-aiu,6
2025-11-02,IBM-Cloud,52
2025-11-02,IBM-Cloud,52
2025-11-02,ibm-granite-community,37
2025-11-02,ibm-granite-community,37
2025-11-03,DS4SD,17
2025-11-03,DS4SD,17
2025-11-03,IBM,6170
2025-11-03,IBM,6171
2025-11-03,ibm-aiu,6
2025-11-03,ibm-aiu,6
2025-11-03,IBM-Cloud,52
2025-11-03,IBM-Cloud,52
2025-11-03,ibm-granite-community,37
2025-11-03,ibm-granite-community,37
2025-11-04,DS4SD,17
2025-11-04,DS4SD,17
2025-11-04,IBM,6168
2025-11-04,IBM,6170
2025-11-04,ibm-aiu,6
2025-11-04,ibm-aiu,6
2025-11-04,IBM-Cloud,52
2025-11-04,IBM-Cloud,52
2025-11-04,ibm-granite-community,37
2025-11-04,ibm-granite-community,37
2025-11-05,DS4SD,17
2025-11-05,DS4SD,16
2025-11-05,IBM,6168
2025-11-05,IBM,6169
2025-11-05,ibm-aiu,6
2025-11-05,ibm-aiu,6
2025-11-05,IBM-Cloud,52
2025-11-05,IBM-Cloud,52
2025-11-05,ibm-granite-community,37
2025-11-05,ibm-granite-community,37
2025-11-06,DS4SD,16
2025-11-06,DS4SD,16
2025-11-06,IBM,6173
2025-11-06,IBM,6175
2025-11-06,ibm-aiu,6
2025-11-06,ibm-aiu,6
2025-11-06,IBM-Cloud,52
2025-11-06,IBM-Cloud,52
2025-11-06,ibm-granite-community,37
2025-11-06,ibm-granite-community,37
2025-11-07,DS4SD,16
2025-11-07,DS4SD,16
2025-11-07,IBM,6176
2025-11-07,IBM,6176
2025-11-07,ibm-aiu,6
2025-11-07,ibm-aiu,6
2025-11-07,IBM-Cloud,52
2025-11-07,IBM-Cloud,52
2025-11-07,ibm-granite-community,36
2025-11-07,ibm-granite-community,36
2025-11-08,DS4SD,16
2025-11-08,DS4SD,16
2025-11-08,IBM,6175
2025-11-08,IBM,6176
2025-11-08,ibm-aiu,6
2025-11-08,ibm-aiu,6
2025-11-08,IBM-Cloud,52
2025-11-08,IBM-Cloud,52
2025-11-08,ibm-granite-community,37
2025-11-08,ibm-granite-community,37
2025-11-09,DS4SD,16
2025-11-09,DS4SD,16
2025-11-09,IBM,6173
2025-11-09,IBM,6173
2025-11-09,ibm-aiu,6
2025-11-09,ibm-aiu,6
2025-11-09,IBM-Cloud,52
2025-11-09,IBM-Cloud,52
2025-11-09,ibm-granite-community,37
2025-11-09,ibm-granite-community,37
2025-11-10,DS4SD,16
2025-11-10,DS4SD,16
2025-11-10,IBM,6172
2025-11-10,IBM,6173
2025-11-10,ibm-aiu,6
2025-11-10,ibm-aiu,6
2025-11-10,IBM-Cloud,52
2025-11-10,IBM-Cloud,52
2025-11-10,ibm-granite-community,37
2025-11-10,ibm-granite-community,37
2025-11-11,DS4SD,16
2025-11-11,DS4SD,16
2025-11-11,IBM,6173
2025-11-11,IBM,6176
2025-11-11,ibm-aiu,6
2025-11-11,ibm-aiu,6
2025-11-11,IBM-Cloud,52
2025-11-11,IBM-Cloud,52
2025-11-11,ibm-granite-community,37
2025-11-11,ibm-granite-community,37
2025-11-12,DS4SD,16
2025-11-12,DS4SD,16
2025-11-12,IBM,6178
2025-11-12,IBM,6179
2025-11-12,ibm-aiu,6
2025-11-12,ibm-aiu,6
2025-11-12,IBM-Cloud,52
2025-11-12,IBM-Cloud,52
2025-11-12,ibm-granite-community,37
2025-11-12,ibm-granite-community,37
2025-11-13,DS4SD,16
2025-11-13,DS4SD,16
2025-11-13,IBM,6182
2025-11-13,IBM,6183
2025-11-13,ibm-aiu,6
2025-11-13,ibm-aiu,6
2025-11-13,IBM-Cloud,52
2025-11-13,IBM-Cloud,52
2025-11-13,ibm-granite-community,37
2025-11-13,ibm-granite-community,37
2025-11-14,DS4SD,16
2025-11-14,DS4SD,16
2025-11-14,IBM,6182
2025-11-14,IBM,6183
2025-11-14,ibm-aiu,6
2025-11-14,ibm-aiu,6
2025-11-14,IBM-Cloud,52
2025-11-14,IBM-Cloud,52
2025-11-14,ibm-granite-community,37
2025-11-14,ibm-granite-community,37
2025-11-15,DS4SD,16
2025-11-15,DS4SD,16
2025-11-15,IBM,6182
2025-11-15,IBM,6182
2025-11-15,ibm-aiu,6
2025-11-15,ibm-aiu,6
2025-11-15,IBM-Cloud,52
2025-11-15,IBM-Cloud,52
2025-11-15,ibm-granite-community,37
2025-11-15,ibm-granite-community,37
2025-11-16,DS4SD,16
2025-11-16,DS4SD,16
2025-11-16,IBM,6180
2025-11-16,IBM,6180
2025-11-16,ibm-aiu,6
2025-11-16,ibm-aiu,6
2025-11-16,IBM-Cloud,52
2025-11-16,IBM-Cloud,52
2025-11-16,ibm-granite-community,37
2025-11-16,ibm-granite-community,37
2025-11-17,DS4SD,16
2025-11-17,DS4SD,16
2025-11-17,IBM,6177
2025-11-17,IBM,6179
2025-11-17,ibm-aiu,6
2025-11-17,ibm-aiu,6
2025-11-17,IBM-Cloud,52
2025-11-17,IBM-Cloud,52
2025-11-17,ibm-granite-community,37
2025-11-17,ibm-granite-community,37
2025-11-18,DS4SD,16
2025-11-18,DS4SD,17
2025-11-18,IBM,6184
2025-11-18,IBM,6185
2025-11-18,ibm-aiu,6
2025-11-18,ibm-aiu,6
2025-11-18,IBM-Cloud,52
2025-11-18,IBM-Cloud,52
2025-11-18,ibm-granite-community,37
2025-11-18,ibm-granite-community,37
2025-11-19,DS4SD,17
2025-11-19,DS4SD,16
2025-11-19,IBM,6186
2025-11-19,IBM,6193
2025-11-19,ibm-aiu,6
2025-11-19,ibm-aiu,6
2025-11-19,IBM-Cloud,52
2025-11-19,IBM-Cloud,52
2025-11-19,ibm-granite-community,37
2025-11-19,ibm-granite-community,37
2025-11-20,DS4SD,16
2025-11-20,DS4SD,16
2025-11-20,IBM,6195
2025-11-20,IBM,6199
2025-11-20,ibm-aiu,6
2025-11-20,ibm-aiu,6
2025-11-20,IBM-Cloud,52
2025-11-20,IBM-Cloud,52
2025-11-20,ibm-granite-community,37
2025-11-20,ibm-granite-community,37
2025-11-21,DS4SD,16
2025-11-21,DS4SD,16
2025-11-21,IBM,6202
2025-11-21,IBM,6203
2025-11-21,ibm-aiu,6
2025-11-21,ibm-aiu,6
2025-11-21,IBM-Cloud,52
2025-11-21,IBM-Cloud,52
2025-11-21,ibm-granite-community,37
2025-11-21,ibm-granite-community,37
2025-11-22,DS4SD,16
2025-11-22,DS4SD,16
2025-11-22,IBM,6205
2025-11-22,IBM,6205
2025-11-22,ibm-aiu,6
2025-11-22,ibm-aiu,6
2025-11-22,IBM-Cloud,52
2025-11-22,IBM-Cloud,52
2025-11-22,ibm-granite-community,37
2025-11-22,ibm-granite-community,37
2025-11-23,DS4SD,16
2025-11-23,DS4SD,16
2025-11-23,IBM,6203
2025-11-23,IBM,6203
2025-11-23,ibm-aiu,6
2025-11-23,ibm-aiu,6
2025-11-23,IBM-Cloud,52
2025-11-23,IBM-Cloud,52
2025-11-23,ibm-granite-community,37
2025-11-23,ibm-granite-community,37
2025-11-24,DS4SD,16
2025-11-24,DS4SD,16
2025-11-24,IBM,6202
2025-11-24,IBM,6202
2025-11-24,ibm-aiu,6
2025-11-24,ibm-aiu,6
2025-11-24,IBM-Cloud,52
2025-11-24,IBM-Cloud,52
2025-11-24,ibm-granite-community,37
2025-11-24,ibm-granite-community,37
2025-11-25,DS4SD,16
2025-11-25,DS4SD,16
2025-11-25,IBM,6205
2025-11-25,IBM,6208
2025-11-25,ibm-aiu,6
2025-11-25,ibm-aiu,6
2025-11-25,IBM-Cloud,52
2025-11-25,IBM-Cloud,52
2025-11-25,ibm-granite-community,37
2025-11-25,ibm-granite-community,37
2025-11-26,DS4SD,16
2025-11-26,DS4SD,16
2025-11-26,IBM,6213
2025-11-26,IBM,6213
2025-11-26,ibm-aiu,6
2025-11-26,ibm-aiu,6
2025-11-26,IBM-Cloud,52
2025-11-26,IBM-Cloud,52
2025-11-26,ibm-granite-community,37
2025-11-26,ibm-granite-community,37
2025-11-27,DS4SD,16
2025-11-27,DS4SD,16
2025-11-27,IBM,6214
2025-11-27,IBM,6214
2025-11-27,ibm-aiu,6
2025-11-27,ibm-aiu,6
2025-11-27,IBM-Cloud,52
2025-11-27,IBM-Cloud,52
2025-11-27,ibm-granite-community,37
2025-11-27,ibm-granite-community,37
2025-11-28,DS4SD,16
2025-11-28,DS4SD,16
2025-11-28,IBM,6217
2025-11-28,IBM,6218
2025-11-28,ibm-aiu,6
2025-11-28,ibm-aiu,6
2025-11-28,IBM-Cloud,52
2025-11-28,IBM-Cloud,52
2025-11-28,ibm-granite-community,37
2025-11-28,ibm-granite-community,37
2025-11-29,DS4SD,16
2025-11-29,DS4SD,16
2025-11-29,IBM,6219
2025-11-29,IBM,6219
2025-11-29,ibm-aiu,6
2025-11-29,ibm-aiu,6
2025-11-29,IBM-Cloud,52
2025-11-29,IBM-Cloud,52
2025-11-29,ibm-granite-community,37
2025-11-29,ibm-granite-community,37
2025-11-30,DS4SD,16
2025-11-30,DS4SD,16
2025-11-30,IBM,6216
2025-11-30,IBM,6216
2025-11-30,ibm-aiu,6
2025-11-30,ibm-aiu,6
2025-11-30,IBM-Cloud,52
2025-11-30,IBM-Cloud,52
2025-11-30,ibm-granite-community,37
2025-11-30,ibm-granite-community,37
2025-12-01,DS4SD,16
2025-12-01,DS4SD,16
2025-12-01,IBM,6214
2025-12-01,IBM,6215
2025-12-01,ibm-aiu,6
2025-12-01,ibm-aiu,6
2025-12-01,IBM-Cloud,52
2025-12-01,IBM-Cloud,52
2025-12-01,ibm-granite-community,37
2025-12-01,ibm-granite-community,37
2025-12-02,DS4SD,16
2025-12-02,DS4SD,16
2025-12-02,IBM,6208
2025-12-02,IBM,6210
2025-12-02,ibm-aiu,6
2025-12-02,ibm-aiu,6
2025-12-02,IBM-Cloud,52
2025-12-02,IBM-Cloud,52
2025-12-02,ibm-granite-community,37
2025-12-02,ibm-granite-community,37
2025-12-03,DS4SD,16
2025-12-03,DS4SD,16
2025-12-03,IBM,6205
2025-12-03,IBM,6207
2025-12-03,ibm-aiu,6
2025-12-03,ibm-aiu,6
2025-12-03,IBM-Cloud,52
2025-12-03,IBM-Cloud,52
2025-12-03,ibm-granite-community,37
2025-12-03,ibm-granite-community,37
2025-12-04,DS4SD,16
2025-12-04,DS4SD,16
2025-12-04,IBM,6205
2025-12-04,IBM,6206
2025-12-04,ibm-aiu,6
2025-12-04,ibm-aiu,6
2025-12-04,IBM-Cloud,52
2025-12-04,IBM-Cloud,52
2025-12-04,ibm-granite-community,37
2025-12-04,ibm-granite-community,37
2025-12-05,DS4SD,16
2025-12-05,DS4SD,16
2025-12-05,IBM,6208
2025-12-05,IBM,6210
2025-12-05,ibm-aiu,6
2025-12-05,ibm-aiu,6
2025-12-05,IBM-Cloud,52
2025-12-05,IBM-Cloud,52
2025-12-05,ibm-granite-community,37
2025-12-05,ibm-granite-community,37
2025-12-06,DS4SD,16
2025-12-06,DS4SD,16
2025-12-06,IBM,6169
2025-12-06,IBM,6169
2025-12-06,ibm-aiu,6
2025-12-06,ibm-aiu,6
2025-12-06,IBM-Cloud,52
2025-12-06,IBM-Cloud,52
2025-12-06,ibm-granite-community,37
2025-12-06,ibm-granite-community,37
2025-12-07,DS4SD,16
2025-12-07,DS4SD,16
2025-12-07,IBM,6089
2025-12-07,IBM,6089
2025-12-07,ibm-aiu,6
2025-12-07,ibm-aiu,6
2025-12-07,IBM-Cloud,52
2025-12-07,IBM-Cloud,52
2025-12-07,ibm-granite-community,37
2025-12-07,ibm-granite-community,37
2025-12-08,DS4SD,16
2025-12-08,DS4SD,16
2025-12-08,IBM,6086
2025-12-08,IBM,6090
2025-12-08,ibm-aiu,6
2025-12-08,ibm-aiu,6
2025-12-08,IBM-Cloud,52
2025-12-08,IBM-Cloud,52
2025-12-08,ibm-granite-community,37
2025-12-08,ibm-granite-community,37
2025-12-09,DS4SD,16
2025-12-09,DS4SD,16
2025-12-09,IBM,6093
2025-12-09,IBM,6095
2025-12-09,ibm-aiu,6
2025-12-09,ibm-aiu,6
2025-12-09,IBM-Cloud,52
2025-12-09,IBM-Cloud,52
2025-12-09,ibm-granite-community,37
2025-12-09,ibm-granite-community,37
2025-12-10,DS4SD,16
2025-12-10,DS4SD,16
2025-12-10,IBM,6097
2025-12-10,IBM,6099
2025-12-10,ibm-aiu,6
2025-12-10,ibm-aiu,6
2025-12-10,IBM-Cloud,52
2025-12-10,IBM-Cloud,52
2025-12-10,ibm-granite-community,37
2025-12-10,ibm-granite-community,37
2025-12-11,DS4SD,16
2025-12-11,DS4SD,16
2025-12-11,IBM,6108
2025-12-11,IBM,6110
2025-12-11,ibm-aiu,6
2025-12-11,ibm-aiu,6
2025-12-11,IBM-Cloud,52
2025-12-11,IBM-Cloud,52
2025-12-11,ibm-granite-community,37
2025-12-11,ibm-granite-community,37
2025-12-12,DS4SD,16
2025-12-12,DS4SD,16
2025-12-12,IBM,6116
2025-12-12,IBM,6116
2025-12-12,ibm-aiu,6
2025-12-12,ibm-aiu,6
2025-12-12,IBM-Cloud,52
2025-12-12,IBM-Cloud,52
2025-12-12,ibm-granite-community,37
2025-12-12,ibm-granite-community,37
2025-12-13,DS4SD,16
2025-12-13,DS4SD,16
2025-12-13,IBM,6119
2025-12-13,IBM,6118
2025-12-13,ibm-aiu,6
2025-12-13,ibm-aiu,6
2025-12-13,IBM-Cloud,52
2025-12-13,IBM-Cloud,52
2025-12-13,ibm-granite-community,35
2025-12-13,ibm-granite-community,35
2025-12-14,DS4SD,16
2025-12-14,DS4SD,16
2025-12-14,IBM,6118
2025-12-14,IBM,6116
2025-12-14,ibm-aiu,6
2025-12-14,ibm-aiu,6
2025-12-14,IBM-Cloud,52
2025-12-14,IBM-Cloud,52
2025-12-14,ibm-granite-community,35
2025-12-14,ibm-granite-community,35
2025-12-15,DS4SD,16
2025-12-15,DS4SD,16
2025-12-15,IBM,6115
2025-12-15,IBM,6118
2025-12-15,ibm-aiu,6
2025-12-15,ibm-aiu,6
2025-12-15,IBM-Cloud,52
2025-12-15,IBM-Cloud,52
2025-12-15,ibm-granite-community,35
2025-12-15,ibm-granite-community,35
2025-12-16,DS4SD,16
2025-12-16,DS4SD,16
2025-12-16,IBM,6123
2025-12-16,IBM,6124
2025-12-16,ibm-aiu,6
2025-12-16,ibm-aiu,6
2025-12-16,IBM-Cloud,52
2025-12-16,IBM-Cloud,52
2025-12-16,ibm-granite-community,36
2025-12-16,ibm-granite-community,36
2025-12-17,DS4SD,16
2025-12-17,DS4SD,16
2025-12-17,IBM,6128
2025-12-17,IBM,6128
2025-12-17,ibm-aiu,6
2025-12-17,ibm-aiu,6
2025-12-17,IBM-Cloud,52
2025-12-17,IBM-Cloud,52
2025-12-17,ibm-granite-community,36
2025-12-17,ibm-granite-community,36
2025-12-18,DS4SD,16
2025-12-18,DS4SD,16
2025-12-18,IBM,6128
2025-12-18,IBM,6129
2025-12-18,ibm-aiu,6
2025-12-18,ibm-aiu,6
2025-12-18,IBM-Cloud,52
2025-12-18,IBM-Cloud,52
2025-12-18,ibm-granite-community,36
2025-12-18,ibm-granite-community,36
2025-12-19,DS4SD,16
2025-12-19,DS4SD,16
2025-12-19,IBM,6126
2025-12-19,IBM,6128
2025-12-19,ibm-aiu,6
2025-12-19,ibm-aiu,6
2025-12-19,IBM-Cloud,52
2025-12-19,IBM-Cloud,52
2025-12-19,ibm-granite-community,36
2025-12-19,ibm-granite-community,36
2025-12-20,DS4SD,16
2025-12-20,DS4SD,16
2025-12-20,IBM,6131
2025-12-20,IBM,6131
2025-12-20,ibm-aiu,6
2025-12-20,ibm-aiu,6
2025-12-20,IBM-Cloud,52
2025-12-20,IBM-Cloud,52
2025-12-20,ibm-granite-community,36
2025-12-20,ibm-granite-community,36
2025-12-21,DS4SD,16
2025-12-21,DS4SD,16
2025-12-21,IBM,6131
2025-12-21,IBM,6131
2025-12-21,ibm-aiu,6
2025-12-21,ibm-aiu,6
2025-12-21,IBM-Cloud,52
2025-12-21,IBM-Cloud,52
2025-12-21,ibm-granite-community,36
2025-12-21,ibm-granite-community,36
2025-12-22,DS4SD,16
2025-12-22,DS4SD,16
2025-12-22,IBM,6131
2025-12-22,IBM,6132
2025-12-22,ibm-aiu,6
2025-12-22,ibm-aiu,6
2025-12-22,IBM-Cloud,52
2025-12-22,IBM-Cloud,52
2025-12-22,ibm-granite-community,36
2025-12-22,ibm-granite-community,36
2025-12-23,DS4SD,16
2025-12-23,DS4SD,16
2025-12-23,IBM,6132
2025-12-23,IBM,6132
2025-12-23,ibm-aiu,6
2025-12-23,ibm-aiu,6
2025-12-23,IBM-Cloud,52
2025-12-23,IBM-Cloud,52
2025-12-23,ibm-granite-community,36
2025-12-23,ibm-granite-community,36
2025-12-24,DS4SD,16
2025-12-24,DS4SD,16
2025-12-24,IBM,6132
2025-12-24,IBM,6132
2025-12-24,ibm-aiu,6
2025-12-24,ibm-aiu,6
2025-12-24,IBM-Cloud,52
2025-12-24,IBM-Cloud,52
2025-12-24,ibm-granite-community,36
2025-12-24,ibm-granite-community,36
2025-12-25,DS4SD,16
2025-12-25,DS4SD,16
2025-12-25,IBM,6132
2025-12-25,IBM,6132
2025-12-25,ibm-aiu,6
2025-12-25,ibm-aiu,6
2025-12-25,IBM-Cloud,52
2025-12-25,IBM-Cloud,52
2025-12-25,ibm-granite-community,36
2025-12-25,ibm-granite-community,36
2025-12-26,DS4SD,16
2025-12-26,DS4SD,16
2025-12-26,IBM,6132
2025-12-26,IBM,6133
2025-12-26,ibm-aiu,6
2025-12-26,ibm-aiu,6
2025-12-26,IBM-Cloud,52
2025-12-26,IBM-Cloud,52
2025-12-26,ibm-granite-community,36
2025-12-26,ibm-granite-community,36
2025-12-27,DS4SD,16
2025-12-27,DS4SD,16
2025-12-27,IBM,6133
2025-12-27,IBM,6133
2025-12-27,ibm-aiu,6
2025-12-27,ibm-aiu,6
2025-12-27,IBM-Cloud,52
2025-12-27,IBM-Cloud,52
2025-12-27,ibm-granite-community,36
2025-12-27,ibm-granite-community,36
2025-12-28,DS4SD,16
2025-12-28,DS4SD,16
2025-12-28,IBM,6133
2025-12-28,IBM,6133
2025-12-28,ibm-aiu,6
2025-12-28,ibm-aiu,6
2025-12-28,IBM-Cloud,52
2025-12-28,IBM-Cloud,52
2025-12-28,ibm-granite-community,36
2025-12-28,ibm-granite-community,36
2025-12-29,DS4SD,16
2025-12-29,DS4SD,16
2025-12-29,IBM,6133
2025-12-29,IBM,6135
2025-12-29,ibm-aiu,6
2025-12-29,ibm-aiu,6
2025-12-29,IBM-Cloud,52
2025-12-29,IBM-Cloud,52
2025-12-29,ibm-granite-community,36
2025-12-29,ibm-granite-community,36
2025-12-30,DS4SD,16
2025-12-30,DS4SD,16
2025-12-30,IBM,6136
2025-12-30,IBM,6137
2025-12-30,ibm-aiu,6
2025-12-30,ibm-aiu,6
2025-12-30,IBM-Cloud,52
2025-12-30,IBM-Cloud,52
2025-12-30,ibm-granite-community,36
2025-12-30,ibm-granite-community,36
2025-12-31,DS4SD,16
2025-12-31,DS4SD,16
2025-12-31,IBM,6137
2025-12-31,IBM,6137
2025-12-31,ibm-aiu,6
2025-12-31,ibm-aiu,6
2025-12-31,IBM-Cloud,52
2025-12-31,IBM-Cloud,52
2025-12-31,ibm-granite-community,36
2025-12-31,ibm-granite-community,36
2026-01-01,DS4SD,16
2026-01-01,DS4SD,16
2026-01-01,IBM,6137
2026-01-01,IBM,6137
2026-01-01,ibm-aiu,6
2026-01-01,ibm-aiu,6
2026-01-01,IBM-Cloud,52
2026-01-01,IBM-Cloud,52
2026-01-01,ibm-granite-community,36
2026-01-01,ibm-granite-community,36
2026-01-02,DS4SD,16
2026-01-02,DS4SD,16
2026-01-02,IBM,6137
2026-01-02,IBM,6137
2026-01-02,ibm-aiu,6
2026-01-02,ibm-aiu,6
2026-01-02,IBM-Cloud,52
2026-01-02,IBM-Cloud,52
2026-01-02,ibm-granite-community,36
2026-01-02,ibm-granite-community,36
2026-01-03,DS4SD,16
2026-01-03,DS4SD,16
2026-01-03,IBM,6137
2026-01-03,IBM,6137
2026-01-03,ibm-aiu,6
2026-01-03,ibm-aiu,6
2026-01-03,IBM-Cloud,52
2026-01-03,IBM-Cloud,52
2026-01-03,ibm-granite-community,36
2026-01-03,ibm-granite-community,36
2026-01-04,DS4SD,16
2026-01-04,DS4SD,16
2026-01-04,IBM,6137
2026-01-04,IBM,6137
2026-01-04,ibm-aiu,6
2026-01-04,ibm-aiu,6
2026-01-04,IBM-Cloud,52
2026-01-04,IBM-Cloud,52
2026-01-04,ibm-granite-community,36
2026-01-04,ibm-granite-community,36
2026-01-05,DS4SD,16
2026-01-05,DS4SD,16
2026-01-05,IBM,6137
2026-01-05,IBM,6137
2026-01-05,ibm-aiu,6
2026-01-05,ibm-aiu,6
2026-01-05,IBM-Cloud,52
2026-01-05,IBM-Cloud,52
2026-01-05,ibm-granite-community,36
2026-01-05,ibm-granite-community,36
2026-01-06,DS4SD,16
2026-01-06,DS4SD,16
2026-01-06,IBM,6142
2026-01-06,IBM,6142
2026-01-06,ibm-aiu,6
2026-01-06,ibm-aiu,6
2026-01-06,IBM-Cloud,52
2026-01-06,IBM-Cloud,52
2026-01-06,ibm-granite-community,36
2026-01-06,ibm-granite-community,36
2026-01-07,DS4SD,16
2026-01-07,DS4SD,16
2026-01-07,IBM,6148
2026-01-07,IBM,6151
2026-01-07,ibm-aiu,6
2026-01-07,ibm-aiu,6
2026-01-07,IBM-Cloud,52
2026-01-07,IBM-Cloud,52
2026-01-07,ibm-granite-community,36
2026-01-07,ibm-granite-community,36
2026-01-08,DS4SD,16
2026-01-08,DS4SD,16
2026-01-08,IBM,6156
2026-01-08,IBM,6158
2026-01-08,ibm-aiu,6
2026-01-08,ibm-aiu,6
2026-01-08,IBM-Cloud,52
2026-01-08,IBM-Cloud,52
2026-01-08,ibm-granite-community,36
2026-01-08,ibm-granite-community,36
2026-01-09,DS4SD,16
2026-01-09,DS4SD,16
2026-01-09,IBM,6162
2026-01-09,IBM,6167
2026-01-09,ibm-aiu,6
2026-01-09,ibm-aiu,6
2026-01-09,IBM-Cloud,52
2026-01-09,IBM-Cloud,52
2026-01-09,ibm-granite-community,36
2026-01-09,ibm-granite-community,36
2026-01-10,DS4SD,16
2026-01-10,DS4SD,16
2026-01-10,IBM,6173
2026-01-10,IBM,6173
2026-01-10,ibm-aiu,6
2026-01-10,ibm-aiu,6
2026-01-10,IBM-Cloud,52
2026-01-10,IBM-Cloud,52
2026-01-10,ibm-granite-community,36
2026-01-10,ibm-granite-community,36
2026-01-11,DS4SD,16
2026-01-11,DS4SD,16
2026-01-11,IBM,6173
2026-01-11,IBM,6173
2026-01-11,ibm-aiu,6
2026-01-11,ibm-aiu,6
2026-01-11,IBM-Cloud,52
2026-01-11,IBM-Cloud,52
2026-01-11,ibm-granite-community,36
2026-01-11,ibm-granite-community,36
2026-01-12,DS4SD,16
2026-01-12,DS4SD,16
2026-01-12,IBM,6173
2026-01-12,IBM,6177
2026-01-12,ibm-aiu,6
2026-01-12,ibm-aiu,6
2026-01-12,IBM-Cloud,52
2026-01-12,IBM-Cloud,52
2026-01-12,ibm-granite-community,36
2026-01-12,ibm-granite-community,36
2026-01-13,DS4SD,16
2026-01-13,DS4SD,16
2026-01-13,IBM,6179
2026-01-13,IBM,6181
2026-01-13,ibm-aiu,6
2026-01-13,ibm-aiu,6
2026-01-13,IBM-Cloud,52
2026-01-13,IBM-Cloud,52
2026-01-13,ibm-granite-community,36
2026-01-13,ibm-granite-community,36
2026-01-14,DS4SD,16
2026-01-14,DS4SD,16
2026-01-14,IBM,6184
2026-01-14,IBM,6185
2026-01-14,ibm-aiu,6
2026-01-14,ibm-aiu,6
2026-01-14,IBM-Cloud,52
2026-01-14,IBM-Cloud,52
2026-01-14,ibm-granite-community,36
2026-01-14,ibm-granite-community,36
2026-01-15,DS4SD,16
2026-01-15,DS4SD,16
2026-01-15,IBM,6188
2026-01-15,IBM,6188
2026-01-15,ibm-aiu,6
2026-01-15,ibm-aiu,6
2026-01-15,IBM-Cloud,52
2026-01-15,IBM-Cloud,52
2026-01-15,ibm-granite-community,36
2026-01-15,ibm-granite-community,36
2026-01-16,DS4SD,16
2026-01-16,DS4SD,16
2026-01-16,IBM,6187
2026-01-16,IBM,6188
2026-01-16,ibm-aiu,6
2026-01-16,ibm-aiu,6
2026-01-16,IBM-Cloud,52
2026-01-16,IBM-Cloud,52
2026-01-16,ibm-granite-community,36
2026-01-16,ibm-granite-community,36
2026-01-17,DS4SD,16
2026-01-17,DS4SD,16
2026-01-17,IBM,6193
2026-01-17,IBM,6194
2026-01-17,ibm-aiu,6
2026-01-17,ibm-aiu,6
2026-01-17,IBM-Cloud,52
2026-01-17,IBM-Cloud,52
2026-01-17,ibm-granite-community,36
2026-01-17,ibm-granite-community,36
2026-01-18,DS4SD,16
2026-01-18,DS4SD,16
2026-01-18,IBM,6195
2026-01-18,IBM,6195
2026-01-18,ibm-aiu,6
2026-01-18,ibm-aiu,6
2026-01-18,IBM-Cloud,52
2026-01-18,IBM-Cloud,52
2026-01-18,ibm-granite-community,36
2026-01-18,ibm-granite-community,36
2026-01-19,DS4SD,16
2026-01-19,DS4SD,16
2026-01-19,IBM,6195
2026-01-19,IBM,6196
2026-01-19,ibm-aiu,6
2026-01-19,ibm-aiu,6
2026-01-19,IBM-Cloud,52
2026-01-19,IBM-Cloud,52
2026-01-19,ibm-granite-community,36
2026-01-19,ibm-granite-community,36
2026-01-20,DS4SD,16
2026-01-20,DS4SD,16
2026-01-20,IBM,6200
2026-01-20,IBM,6203
2026-01-20,ibm-aiu,6
2026-01-20,ibm-aiu,6
2026-01-20,IBM-Cloud,52
2026-01-20,IBM-Cloud,52
2026-01-20,ibm-granite-community,36
2026-01-20,ibm-granite-community,36
2026-01-21,DS4SD,16
2026-01-21,DS4SD,16
2026-01-21,IBM,6210
2026-01-21,IBM,6211
2026-01-21,ibm-aiu,6
2026-01-21,ibm-aiu,6
2026-01-21,IBM-Cloud,52
2026-01-21,IBM-Cloud,52
2026-01-21,ibm-granite-community,36
2026-01-21,ibm-granite-community,36
2026-01-22,DS4SD,16
2026-01-22,DS4SD,16
2026-01-22,IBM,6213
2026-01-22,IBM,6214
2026-01-22,ibm-aiu,6
2026-01-22,ibm-aiu,6
2026-01-22,IBM-Cloud,52
2026-01-22,IBM-Cloud,52
2026-01-22,ibm-granite-community,36
2026-01-22,ibm-granite-community,36
2026-01-23,DS4SD,16
2026-01-23,DS4SD,16
2026-01-23,IBM,6219
2026-01-23,IBM,6134
2026-01-23,ibm-aiu,6
2026-01-23,ibm-aiu,6
2026-01-23,IBM-Cloud,51
2026-01-23,IBM-Cloud,51
2026-01-23,ibm-granite-community,34
2026-01-23,ibm-granite-community,34
2026-01-24,DS4SD,16
2026-01-24,DS4SD,16
2026-01-24,IBM,6140
2026-01-24,IBM,6140
2026-01-24,ibm-aiu,6
2026-01-24,ibm-aiu,6
2026-01-24,IBM-Cloud,51
2026-01-24,IBM-Cloud,51
2026-01-24,ibm-granite-community,34
2026-01-24,ibm-granite-community,34
2026-01-25,DS4SD,16
2026-01-25,DS4SD,16
2026-01-25,IBM,6141
2026-01-25,IBM,6140
2026-01-25,ibm-aiu,6
2026-01-25,ibm-aiu,6
2026-01-25,IBM-Cloud,51
2026-01-25,IBM-Cloud,51
2026-01-25,ibm-granite-community,34
2026-01-25,ibm-granite-community,34
2026-01-26,DS4SD,16
2026-01-26,DS4SD,16
2026-01-26,IBM,6140
2026-01-26,IBM,6141
2026-01-26,ibm-aiu,6
2026-01-26,ibm-aiu,6
2026-01-26,IBM-Cloud,51
2026-01-26,IBM-Cloud,51
2026-01-26,ibm-granite-community,34
2026-01-26,ibm-granite-community,34
2026-01-27,DS4SD,16
2026-01-27,DS4SD,16
2026-01-27,IBM,6147
2026-01-27,IBM,6150
2026-01-27,ibm-aiu,6
2026-01-27,ibm-aiu,6
2026-01-27,IBM-Cloud,51
2026-01-27,IBM-Cloud,51
2026-01-27,ibm-granite-community,34
2026-01-27,ibm-granite-community,34
2026-01-28,DS4SD,16
2026-01-28,DS4SD,16
2026-01-28,IBM,6154
2026-01-28,IBM,6154
2026-01-28,ibm-aiu,6
2026-01-28,ibm-aiu,6
2026-01-28,IBM-Cloud,51
2026-01-28,IBM-Cloud,51
2026-01-28,ibm-granite-community,34
2026-01-28,ibm-granite-community,34
2026-01-29,DS4SD,16
2026-01-29,DS4SD,16
2026-01-29,IBM,6155
2026-01-29,IBM,6155
2026-01-29,ibm-aiu,6
2026-01-29,ibm-aiu,6
2026-01-29,IBM-Cloud,51
2026-01-29,IBM-Cloud,51
2026-01-29,ibm-granite-community,34
2026-01-29,ibm-granite-community,34
2026-01-30,DS4SD,16
2026-01-30,DS4SD,16
2026-01-30,IBM,6157
2026-01-30,IBM,6159
2026-01-30,ibm-aiu,6
2026-01-30,ibm-aiu,6
2026-01-30,IBM-Cloud,51
2026-01-30,IBM-Cloud,51
2026-01-30,ibm-granite-community,34
2026-01-30,ibm-granite-community,34
2026-01-31,DS4SD,16
2026-01-31,DS4SD,16
2026-01-31,IBM,6160
2026-01-31,IBM,6158
2026-01-31,ibm-aiu,6
2026-01-31,ibm-aiu,6
2026-01-31,IBM-Cloud,51
2026-01-31,IBM-Cloud,51
2026-01-31,ibm-granite-community,34
2026-01-31,ibm-granite-community,34
2026-02-01,DS4SD,16
2026-02-01,DS4SD,16
2026-02-01,IBM,6160
2026-02-01,IBM,6158
2026-02-01,ibm-aiu,6
2026-02-01,ibm-aiu,6
2026-02-01,IBM-Cloud,51
2026-02-01,IBM-Cloud,51
2026-02-01,ibm-granite-community,34
2026-02-01,ibm-granite-community,34
2026-02-02,DS4SD,16
2026-02-02,DS4SD,16
2026-02-02,IBM,6159
2026-02-02,IBM,6159
2026-02-02,ibm-aiu,6
2026-02-02,ibm-aiu,6
2026-02-02,IBM-Cloud,51
2026-02-02,IBM-Cloud,51
2026-02-02,ibm-granite-community,34
2026-02-02,ibm-granite-community,34
2026-02-03,DS4SD,16
2026-02-03,DS4SD,16
2026-02-03,IBM,6164
2026-02-03,IBM,6164
2026-02-03,ibm-aiu,6
2026-02-03,ibm-aiu,6
2026-02-03,IBM-Cloud,51
2026-02-03,IBM-Cloud,51
2026-02-03,ibm-granite-community,34
2026-02-03,ibm-granite-community,34
2026-02-04,DS4SD,16
2026-02-04,DS4SD,16
2026-02-04,IBM,6167
2026-02-04,IBM,6162
2026-02-04,ibm-aiu,6
2026-02-04,ibm-aiu,6
2026-02-04,IBM-Cloud,51
2026-02-04,IBM-Cloud,51
2026-02-04,ibm-granite-community,34
2026-02-04,ibm-granite-community,34
2026-02-05,DS4SD,16
2026-02-05,DS4SD,16
2026-02-05,IBM,6162
2026-02-05,IBM,6162
2026-02-05,ibm-aiu,6
2026-02-05,ibm-aiu,6
2026-02-05,IBM-Cloud,51
2026-02-05,IBM-Cloud,51
2026-02-05,ibm-granite-community,34
2026-02-05,ibm-granite-community,34
2026-02-06,DS4SD,16
2026-02-06,DS4SD,16
2026-02-06,IBM,6166
2026-02-06,IBM,6165
2026-02-06,ibm-aiu,6
2026-02-06,ibm-aiu,6
2026-02-06,IBM-Cloud,51
2026-02-06,IBM-Cloud,51
2026-02-06,ibm-granite-community,34
2026-02-06,ibm-granite-community,34
2026-02-07,DS4SD,16
2026-02-07,DS4SD,16
2026-02-07,IBM,6166
2026-02-07,IBM,6166
2026-02-07,ibm-aiu,6
2026-02-07,ibm-aiu,6
2026-02-07,IBM-Cloud,51
2026-02-07,IBM-Cloud,51
2026-02-07,ibm-granite-community,34
2026-02-07,ibm-granite-community,34
2026-02-08,DS4SD,16
2026-02-08,DS4SD,16
2026-02-08,IBM,6166
2026-02-08,IBM,6166
2026-02-08,ibm-aiu,6
2026-02-08,ibm-aiu,6
2026-02-08,IBM-Cloud,51
2026-02-08,IBM-Cloud,51
2026-02-08,ibm-granite-community,34
2026-02-08,ibm-granite-community,34
2026-02-09,DS4SD,16
2026-02-09,DS4SD,16
2026-02-09,IBM,6166
2026-02-09,IBM,6166
2026-02-09,ibm-aiu,6
2026-02-09,ibm-aiu,6
2026-02-09,IBM-Cloud,51
2026-02-09,IBM-Cloud,51
2026-02-09,ibm-granite-community,34
2026-02-09,ibm-granite-community,34
2026-07-31,adorchestrator,6
2026-07-31,agile-crypto,3
2026-07-31,AI4quantum,13
2026-07-31,application-stacks,15
2026-07-31,bamoe,20
2026-07-31,bee-travels,6
2026-07-31,BiomedSciAI,19
2026-07-31,cicsdev,32
2026-07-31,cloud-native-toolkit,26
2026-07-31,cloud-pak-gitops,9
2026-07-31,CoHDI,22
2026-07-31,data-prep-kit,6
2026-07-31,DecisionsDev,36
2026-07-31,DS4SD,15
2026-07-31,Exgentic,16
2026-07-31,fmperf-project,3
2026-07-31,foundation-model-stack,22
2026-07-31,generative-computing,38
2026-07-31,gori-project,123
2026-07-31,hakkoda,1
2026-07-31,i-am-bee,65
2026-07-31,IBM,6461
2026-07-31,ibm-aiu,20
2026-07-31,ibm-apiconnect,34
2026-07-31,ibm-avocados,2
2026-07-31,ibm-aws,3
2026-07-31,IBM-Blockchain,9
2026-07-31,ibm-build-lab,17
2026-07-31,ibm-client-engineering,13
2026-07-31,IBM-Cloud,46
2026-07-31,ibm-cloud-architecture,18
2026-07-31,ibm-cloud-docs,12
2026-07-31,ibm-cloud-vmware,2
2026-07-31,ibm-ecm,13
2026-07-31,IBM-EON,5
2026-07-31,ibm-functions,20
2026-07-31,ibm-granite-community,34
2026-07-31,ibm-hyper-protect,14
2026-07-31,ibm-messaging,52
2026-07-31,ibm-mulesoft,2
2026-07-31,ibm-observability,4
2026-07-31,ibm-research,15
2026-07-31,ibm-rh-circle-of-trust,5
2026-07-31,ibm-s390-cloud,19
2026-07-31,ibm-s390-linux,23
2026-07-31,IBM-Security,17
2026-07-31,ibm-security-intelligence,3
2026-07-31,ibm-security-verify,9
2026-07-31,ibm-skillsbuild,3
2026-07-31,ibm-terraform-power,1
2026-07-31,ibm-verify,19
2026-07-31,ibm-wm-transition,3
2026-07-31,ibmaot,2
2026-07-31,ibmbpm,17
2026-07-31,ibmdbanalytics,3
2026-07-31,IBMDeveloperMEA,3
2026-07-31,IBMSpectrumComputing,7
2026-07-31,ibmstorage,25
2026-07-31,instana,144
2026-07-31,itbench-hub,31
2026-07-31,lakeviewer,1
2026-07-31,lakevision-project,2
2026-07-31,LinearTapeFileSystem,13
2026-07-31,linux-on-ibm-z,20
2026-07-31,Mapepire-IBMi,14
2026-07-31,microbitesapp,1
2026-07-31,OctoConsulting,2
2026-07-31,ODF-Backup-Restore,12
2026-07-31,project-codeflare,20
2026-07-31,rxn4chemistry,21
2026-07-31,scarfbench,22
2026-07-31,st4sd,7
2026-07-31,terraform-ibm,3
2026-07-31,terraform-ibm-modules,82
2026-07-31,terrastackai,14
2026-07-31,wala,9
2026-07-31,watson-developer-cloud,49
2026-07-31,zrlio,3
2026-08-01,adorchestrator,6
2026-08-01,agile-crypto,3
2026-08-01,AI4quantum,13
2026-08-01,application-stacks,15
2026-08-01,bamoe,20
2026-08-01,bee-travels,6
2026-08-01,BiomedSciAI,19
2026-08-01,cicsdev,32
2026-08-01,cloud-native-toolkit,26
2026-08-01,cloud-pak-gitops,9
2026-08-01,CoHDI,22
2026-08-01,data-prep-kit,6
2026-08-01,DecisionsDev,36
2026-08-01,DS4SD,15
2026-08-01,Exgentic,16
2026-08-01,fmperf-project,3
2026-08-01,foundation-model-stack,22
2026-08-01,generative-computing,38
2026-08-01,gori-project,123
2026-08-01,hakkoda,1
2026-08-01,i-am-bee,65
2026-08-01,IBM,6466
2026-08-01,ibm-aiu,20
2026-08-01,ibm-apiconnect,34
2026-08-01,ibm-avocados,2
2026-08-01,ibm-aws,3
2026-08-01,IBM-Blockchain,9
2026-08-01,ibm-build-lab,17
2026-08-01,ibm-client-engineering,13
2026-08-01,IBM-Cloud,46
2026-08-01,ibm-cloud-architecture,18
2026-08-01,ibm-cloud-docs,12
2026-08-01,ibm-cloud-vmware,2
2026-08-01,ibm-ecm,13
2026-08-01,IBM-EON,5
2026-08-01,ibm-functions,20
2026-08-01,ibm-granite-community,34
2026-08-01,ibm-hyper-protect,14
2026-08-01,ibm-messaging,52
2026-08-01,ibm-mulesoft,2
2026-08-01,ibm-observability,4
2026-08-01,ibm-research,15
2026-08-01,ibm-rh-circle-of-trust,5
2026-08-01,ibm-s390-cloud,19
2026-08-01,ibm-s390-linux,23
2026-08-01,IBM-Security,17
2026-08-01,ibm-security-intelligence,3
2026-08-01,ibm-security-verify,9
2026-08-01,ibm-skillsbuild,3
2026-08-01,ibm-terraform-power,1
2026-08-01,ibm-verify,19
2026-08-01,ibm-wm-transition,3
2026-08-01,ibmaot,2
2026-08-01,ibmbpm,17
2026-08-01,ibmdbanalytics,3
2026-08-01,IBMDeveloperMEA,3
2026-08-01,IBMSpectrumComputing,7
2026-08-01,ibmstorage,25
2026-08-01,instana,144
2026-08-01,itbench-hub,31
2026-08-01,lakeviewer,1
2026-08-01,lakevision-project,2
2026-08-01,LinearTapeFileSystem,13
2026-08-01,linux-on-ibm-z,20
2026-08-01,Mapepire-IBMi,14
2026-08-01,microbitesapp,1
2026-08-01,OctoConsulting,2
2026-08-01,ODF-Backup-Restore,12
2026-08-01,project-codeflare,20
2026-08-01,rxn4chemistry,21
2026-08-01,scarfbench,22
2026-08-01,st4sd,7
2026-08-01,terraform-ibm,3
2026-08-01,terraform-ibm-modules,82
2026-08-01,terrastackai,14
2026-08-01,wala,9
2026-08-01,watson-developer-cloud,49
2026-08-01,zrlio,3
2026-08-02,adorchestrator,6
2026-08-02,agile-crypto,3
2026-08-02,AI4quantum,13
2026-08-02,application-stacks,15
2026-08-02,bamoe,20
2026-08-02,bee-travels,6
2026-08-02,BiomedSciAI,19
2026-08-02,cicsdev,32
2026-08-02,cloud-native-toolkit,26
2026-08-02,cloud-pak-gitops,9
2026-08-02,CoHDI,22
2026-08-02,data-prep-kit,6
2026-08-02,DecisionsDev,36
2026-08-02,DS4SD,15
2026-08-02,Exgentic,16
2026-08-02,fmperf-project,3
2026-08-02,foundation-model-stack,22
2026-08-02,generative-computing,38
2026-08-02,gori-project,123
2026-08-02,hakkoda,1
2026-08-02,i-am-bee,65
2026-08-02,IBM,6463
2026-08-02,ibm-aiu,20
2026-08-02,ibm-apiconnect,34
2026-08-02,ibm-avocados,2
2026-08-02,ibm-aws,3
2026-08-02,IBM-Blockchain,9
2026-08-02,ibm-build-lab,17
2026-08-02,ibm-client-engineering,13
2026-08-02,IBM-Cloud,46
2026-08-02,ibm-cloud-architecture,18
2026-08-02,ibm-cloud-docs,12
2026-08-02,ibm-cloud-vmware,2
2026-08-02,ibm-ecm,13
2026-08-02,IBM-EON,5
2026-08-02,ibm-functions,20
2026-08-02,ibm-granite-community,34
2026-08-02,ibm-hyper-protect,14
2026-08-02,ibm-messaging,52
2026-08-02,ibm-mulesoft,2
2026-08-02,ibm-observability,4
2026-08-02,ibm-research,15
2026-08-02,ibm-rh-circle-of-trust,5
2026-08-02,ibm-s390-cloud,19
2026-08-02,ibm-s390-linux,23
2026-08-02,IBM-Security,17
2026-08-02,ibm-security-intelligence,3
2026-08-02,ibm-security-verify,9
2026-08-02,ibm-skillsbuild,3
2026-08-02,ibm-terraform-power,1
2026-08-02,ibm-verify,19
2026-08-02,ibm-wm-transition,3
2026-08-02,ibmaot,2
2026-08-02,ibmbpm,17
2026-08-02,ibmdbanalytics,3
2026-08-02,IBMDeveloperMEA,3
2026-08-02,IBMSpectrumComputing,7
2026-08-02,ibmstorage,25
2026-08-02,instana,144
2026-08-02,itbench-hub,31
2026-08-02,lakeviewer,1
2026-08-02,lakevision-project,2
2026-08-02,LinearTapeFileSystem,13
2026-08-02,linux-on-ibm-z,20
2026-08-02,Mapepire-IBMi,14
2026-08-02,microbitesapp,1
2026-08-02,OctoConsulting,2
2026-08-02,ODF-Backup-Restore,12
2026-08-02,project-codeflare,20
2026-08-02,rxn4chemistry,21
2026-08-02,scarfbench,22
2026-08-02,st4sd,7
2026-08-02,terraform-ibm,3
2026-08-02,terraform-ibm-modules,82
2026-08-02,terrastackai,14
2026-08-02,wala,9
2026-08-02,watson-developer-cloud,49
2026-08-02,zrlio,3
2026-08-03,adorchestrator,6
2026-08-03,agile-crypto,3
2026-08-03,AI4quantum,13
2026-08-03,application-stacks,15
2026-08-03,bamoe,20
2026-08-03,bee-travels,6
2026-08-03,BiomedSciAI,19
2026-08-03,cicsdev,32
2026-08-03,cloud-native-toolkit,26
2026-08-03,cloud-pak-gitops,9
2026-08-03,CoHDI,22
2026-08-03,data-prep-kit,6
2026-08-03,DecisionsDev,36
2026-08-03,DS4SD,15
2026-08-03,Exgentic,16
2026-08-03,fmperf-project,3
2026-08-03,foundation-model-stack,22
2026-08-03,generative-computing,38
2026-08-03,gori-project,123
2026-08-03,hakkoda,1
2026-08-03,i-am-bee,65
2026-08-03,IBM,6444
2026-08-03,ibm-aiu,20
2026-08-03,ibm-apiconnect,34
2026-08-03,ibm-avocados,2
2026-08-03,ibm-aws,3
2026-08-03,IBM-Blockchain,9
2026-08-03,ibm-build-lab,17
2026-08-03,ibm-client-engineering,13
2026-08-03,IBM-Cloud,46
2026-08-03,ibm-cloud-architecture,18
2026-08-03,ibm-cloud-docs,12
2026-08-03,ibm-cloud-vmware,2
2026-08-03,ibm-ecm,13
2026-08-03,IBM-EON,5
2026-08-03,ibm-functions,20
2026-08-03,ibm-granite-community,34
2026-08-03,ibm-hyper-protect,14
2026-08-03,ibm-messaging,52
2026-08-03,ibm-mulesoft,2
2026-08-03,ibm-observability,4
2026-08-03,ibm-research,15
2026-08-03,ibm-rh-circle-of-trust,5
2026-08-03,ibm-s390-cloud,19
2026-08-03,ibm-s390-linux,23
2026-08-03,IBM-Security,17
2026-08-03,ibm-security-intelligence,3
2026-08-03,ibm-security-verify,9
2026-08-03,ibm-skillsbuild,3
2026-08-03,ibm-terraform-power,1
2026-08-03,ibm-verify,19
2026-08-03,ibm-wm-transition,3
2026-08-03,ibmaot,2
2026-08-03,ibmbpm,17
2026-08-03,ibmdbanalytics,3
2026-08-03,IBMDeveloperMEA,3
2026-08-03,IBMSpectrumComputing,7
2026-08-03,ibmstorage,25
2026-08-03,instana,144
2026-08-03,itbench-hub,31
2026-08-03,lakeviewer,1
2026-08-03,lakevision-project,2
2026-08-03,LinearTapeFileSystem,13
2026-08-03,linux-on-ibm-z,20
2026-08-03,Mapepire-IBMi,14
2026-08-03,microbitesapp,1
2026-08-03,OctoConsulting,2
2026-08-03,ODF-Backup-Restore,12
2026-08-03,project-codeflare,20
2026-08-03,rxn4chemistry,21
2026-08-03,scarfbench,22
2026-08-03,st4sd,7
2026-08-03,terraform-ibm,3
2026-08-03,terraform-ibm-modules,82
2026-08-03,terrastackai,14
2026-08-03,wala,9
2026-08-03,watson-developer-cloud,49
2026-08-03,zrlio,3
2026-08-04,adorchestrator,6
2026-08-04,agile-crypto,3
2026-08-04,AI4quantum,13
2026-08-04,application-stacks,15
2026-08-04,bamoe,20
2026-08-04,bee-travels,6
2026-08-04,BiomedSciAI,19
2026-08-04,cicsdev,32
2026-08-04,cloud-native-toolkit,26
2026-08-04,cloud-pak-gitops,9
2026-08-04,CoHDI,22
2026-08-04,data-prep-kit,6
2026-08-04,DecisionsDev,36
2026-08-04,DS4SD,15
2026-08-04,Exgentic,16
2026-08-04,fmperf-project,3
2026-08-04,foundation-model-stack,22
2026-08-04,generative-computing,38
2026-08-04,gori-project,123
2026-08-04,hakkoda,1
2026-08-04,i-am-bee,65
2026-08-04,IBM,6444
2026-08-04,ibm-aiu,20
2026-08-04,ibm-apiconnect,34
2026-08-04,ibm-avocados,2
2026-08-04,ibm-aws,3
2026-08-04,IBM-Blockchain,9
2026-08-04,ibm-build-lab,17
2026-08-04,ibm-client-engineering,13
2026-08-04,IBM-Cloud,46
2026-08-04,ibm-cloud-architecture,18
2026-08-04,ibm-cloud-docs,12
2026-08-04,ibm-cloud-vmware,2
2026-08-04,ibm-ecm,13
2026-08-04,IBM-EON,5
2026-08-04,ibm-functions,20
2026-08-04,ibm-granite-community,34
2026-08-04,ibm-hyper-protect,14
2026-08-04,ibm-messaging,52
2026-08-04,ibm-mulesoft,2
2026-08-04,ibm-observability,4
2026-08-04,ibm-research,15
2026-08-04,ibm-rh-circle-of-trust,5
2026-08-04,ibm-s390-cloud,19
2026-08-04,ibm-s390-linux,23
2026-08-04,IBM-Security,17
2026-08-04,ibm-security-intelligence,3
2026-08-04,ibm-security-verify,9
2026-08-04,ibm-skillsbuild,3
2026-08-04,ibm-terraform-power,1
2026-08-04,ibm-verify,21
2026-08-04,ibm-wm-transition,3
2026-08-04,ibmaot,2
2026-08-04,ibmbpm,17
2026-08-04,ibmdbanalytics,3
2026-08-04,IBMDeveloperMEA,3
2026-08-04,IBMSpectrumComputing,7
2026-08-04,ibmstorage,25
2026-08-04,instana,144
2026-08-04,itbench-hub,31
2026-08-04,lakeviewer,1
2026-08-04,lakevision-project,2
2026-08-04,LinearTapeFileSystem,13
2026-08-04,linux-on-ibm-z,20
2026-08-04,Mapepire-IBMi,14
2026-08-04,microbitesapp,1
2026-08-04,OctoConsulting,2
2026-08-04,ODF-Backup-Restore,12
2026-08-04,project-codeflare,20
2026-08-04,rxn4chemistry,21
2026-08-04,scarfbench,22
2026-08-04,st4sd,7
2026-08-04,terraform-ibm,3
2026-08-04,terraform-ibm-modules,82
2026-08-04,terrastackai,14
2026-08-04,wala,9
2026-08-04,watson-developer-cloud,49
2026-08-04,zrlio,3
2026-08-05,adorchestrator,6
2026-08-05,agile-crypto,3
2026-08-05,AI4quantum,13
2026-08-05,application-stacks,15
2026-08-05,bamoe,20
2026-08-05,bee-travels,6
2026-08-05,BiomedSciAI,19
2026-08-05,cicsdev,32
2026-08-05,cloud-native-toolkit,26
2026-08-05,cloud-pak-gitops,9
2026-08-05,CoHDI,22
2026-08-05,data-prep-kit,6
2026-08-05,DecisionsDev,36
2026-08-05,DS4SD,15
2026-08-05,Exgentic,16
2026-08-05,fmperf-project,3
2026-08-05,foundation-model-stack,22
2026-08-05,generative-computing,38
2026-08-05,gori-project,123
2026-08-05,hakkoda,1
2026-08-05,i-am-bee,65
2026-08-05,IBM,6451
2026-08-05,ibm-aiu,20
2026-08-05,ibm-apiconnect,34
2026-08-05,ibm-avocados,2
2026-08-05,ibm-aws,3
2026-08-05,IBM-Blockchain,9
2026-08-05,ibm-build-lab,17
2026-08-05,ibm-client-engineering,13
2026-08-05,IBM-Cloud,46
2026-08-05,ibm-cloud-architecture,18
2026-08-05,ibm-cloud-docs,12
2026-08-05,ibm-cloud-vmware,2
2026-08-05,ibm-ecm,13
2026-08-05,IBM-EON,5
2026-08-05,ibm-functions,20
2026-08-05,ibm-granite-community,34
2026-08-05,ibm-hyper-protect,14
2026-08-05,ibm-messaging,52
2026-08-05,ibm-mulesoft,2
2026-08-05,ibm-observability,4
2026-08-05,ibm-research,15
2026-08-05,ibm-rh-circle-of-trust,5
2026-08-05,ibm-s390-cloud,19
2026-08-05,ibm-s390-linux,23
2026-08-05,IBM-Security,17
2026-08-05,ibm-security-intelligence,3
2026-08-05,ibm-security-verify,9
2026-08-05,ibm-skillsbuild,3
2026-08-05,ibm-terraform-power,1
2026-08-05,ibm-verify,23
2026-08-05,ibm-wm-transition,3
2026-08-05,ibmaot,2
2026-08-05,ibmbpm,17
2026-08-05,ibmdbanalytics,3
2026-08-05,IBMDeveloperMEA,3
2026-08-05,IBMSpectrumComputing,7
2026-08-05,ibmstorage,27
2026-08-05,instana,144
2026-08-05,itbench-hub,31
2026-08-05,lakeviewer,1
2026-08-05,lakevision-project,2
2026-08-05,LinearTapeFileSystem,13
2026-08-05,linux-on-ibm-z,20
2026-08-05,Mapepire-IBMi,14
2026-08-05,microbitesapp,1
2026-08-05,OctoConsulting,2
2026-08-05,ODF-Backup-Restore,12
2026-08-05,project-codeflare,20
2026-08-05,rxn4chemistry,21
2026-08-05,scarfbench,22
2026-08-05,st4sd,7
2026-08-05,terraform-ibm,3
2026-08-05,terraform-ibm-modules,83
2026-08-05,terrastackai,14
2026-08-05,wala,9
2026-08-05,watson-developer-cloud,49
2026-08-05,zrlio,3
2026-08-06,adorchestrator,6
2026-08-06,agile-crypto,3
2026-08-06,AI4quantum,13
2026-08-06,application-stacks,15
2026-08-06,bamoe,20
2026-08-06,bee-travels,6
2026-08-06,BiomedSciAI,19
2026-08-06,cicsdev,32
2026-08-06,cloud-native-toolkit,26
2026-08-06,cloud-pak-gitops,9
2026-08-06,CoHDI,22
2026-08-06,data-prep-kit,6
2026-08-06,DecisionsDev,36
2026-08-06,DS4SD,15
2026-08-06,Exgentic,16
2026-08-06,fmperf-project,3
2026-08-06,foundation-model-stack,22
2026-08-06,generative-computing,38
2026-08-06,gori-project,123
2026-08-06,hakkoda,1
2026-08-06,i-am-bee,65
2026-08-06,IBM,6456
2026-08-06,ibm-aiu,20
2026-08-06,ibm-apiconnect,34
2026-08-06,ibm-avocados,2
2026-08-06,ibm-aws,3
2026-08-06,IBM-Blockchain,9
2026-08-06,ibm-build-lab,17
2026-08-06,ibm-client-engineering,13
2026-08-06,IBM-Cloud,46
2026-08-06,ibm-cloud-architecture,18
2026-08-06,ibm-cloud-docs,12
2026-08-06,ibm-cloud-vmware,2
2026-08-06,ibm-ecm,13
2026-08-06,IBM-EON,5
2026-08-06,ibm-functions,20
2026-08-06,ibm-granite-community,34
2026-08-06,ibm-hyper-protect,14
2026-08-06,ibm-messaging,52
2026-08-06,ibm-mulesoft,2
2026-08-06,ibm-observability,4
2026-08-06,ibm-research,15
2026-08-06,ibm-rh-circle-of-trust,5
2026-08-06,ibm-s390-cloud,19
2026-08-06,ibm-s390-linux,23
2026-08-06,IBM-Security,17
2026-08-06,ibm-security-intelligence,3
2026-08-06,ibm-security-verify,9
2026-08-06,ibm-skillsbuild,3
2026-08-06,ibm-terraform-power,1
2026-08-06,ibm-verify,22
2026-08-06,ibm-wm-transition,3
2026-08-06,ibmaot,2
2026-08-06,ibmbpm,17
2026-08-06,ibmdbanalytics,3
2026-08-06,IBMDeveloperMEA,3
2026-08-06,IBMSpectrumComputing,7
2026-08-06,ibmstorage,27
2026-08-06,instana,144
2026-08-06,itbench-hub,31
2026-08-06,lakeviewer,1
2026-08-06,lakevision-project,2
2026-08-06,LinearTapeFileSystem,13
2026-08-06,linux-on-ibm-z,20
2026-08-06,Mapepire-IBMi,14
2026-08-06,microbitesapp,1
2026-08-06,OctoConsulting,2
2026-08-06,ODF-Backup-Restore,12
2026-08-06,project-codeflare,20
2026-08-06,rxn4chemistry,21
2026-08-06,scarfbench,22
2026-08-06,st4sd,7
2026-08-06,terraform-ibm,3
2026-08-06,terraform-ibm-modules,83
2026-08-06,terrastackai,14
2026-08-06,wala,9
2026-08-06,watson-developer-cloud,49
2026-08-06,zrlio,3
2026-08-07,adorchestrator,6
2026-08-07,agile-crypto,3
2026-08-07,AI4quantum,13
2026-08-07,application-stacks,15
2026-08-07,bamoe,20
2026-08-07,bee-travels,6
2026-08-07,BiomedSciAI,19
2026-08-07,cicsdev,32
2026-08-07,cloud-native-toolkit,26
2026-08-07,cloud-pak-gitops,9
2026-08-07,CoHDI,22
2026-08-07,data-prep-kit,6
2026-08-07,DecisionsDev,36
2026-08-07,DS4SD,15
2026-08-07,Exgentic,16
2026-08-07,fmperf-project,3
2026-08-07,foundation-model-stack,22
2026-08-07,generative-computing,38
2026-08-07,gori-project,123
2026-08-07,hakkoda,1
2026-08-07,i-am-bee,65
2026-08-07,IBM,6457
2026-08-07,ibm-aiu,20
2026-08-07,ibm-apiconnect,34
2026-08-07,ibm-avocados,2
2026-08-07,ibm-aws,3
2026-08-07,IBM-Blockchain,9
2026-08-07,ibm-build-lab,17
2026-08-07,ibm-client-engineering,13
2026-08-07,IBM-Cloud,46
2026-08-07,ibm-cloud-architecture,18
2026-08-07,ibm-cloud-docs,12
2026-08-07,ibm-cloud-vmware,2
2026-08-07,ibm-ecm,13
2026-08-07,IBM-EON,5
2026-08-07,ibm-functions,20
2026-08-07,ibm-granite-community,34
2026-08-07,ibm-hyper-protect,14
2026-08-07,ibm-messaging,52
2026-08-07,ibm-mulesoft,2
2026-08-07,ibm-observability,4
2026-08-07,ibm-research,15
2026-08-07,ibm-rh-circle-of-trust,5
2026-08-07,ibm-s390-cloud,19
2026-08-07,ibm-s390-linux,23
2026-08-07,IBM-Security,17
2026-08-07,ibm-security-intelligence,3
2026-08-07,ibm-security-verify,9
2026-08-07,ibm-skillsbuild,3
2026-08-07,ibm-terraform-power,1
2026-08-07,ibm-verify,22
2026-08-07,ibm-wm-transition,3
2026-08-07,ibmaot,2
2026-08-07,ibmbpm,17
2026-08-07,ibmdbanalytics,3
2026-08-07,IBMDeveloperMEA,3
2026-08-07,IBMSpectrumComputing,7
2026-08-07,ibmstorage,27
2026-08-07,instana,144
2026-08-07,itbench-hub,31
2026-08-07,lakeviewer,1
2026-08-07,lakevision-project,2
2026-08-07,LinearTapeFileSystem,13
2026-08-07,linux-on-ibm-z,20
2026-08-07,Mapepire-IBMi,14
2026-08-07,microbitesapp,1
2026-08-07,OctoConsulting,2
2026-08-07,ODF-Backup-Restore,12
2026-08-07,project-codeflare,20
2026-08-07,rxn4chemistry,21
2026-08-07,scarfbench,22
2026-08-07,st4sd,7
2026-08-07,terraform-ibm,3
2026-08-07,terraform-ibm-modules,83
2026-08-07,terrastackai,14
2026-08-07,wala,9
2026-08-07,watson-developer-cloud,49
2026-08-07,zrlio,3
2026-08-08,adorchestrator,6
2026-08-08,agile-crypto,3
2026-08-08,AI4quantum,13
2026-08-08,application-stacks,15
2026-08-08,bamoe,20
2026-08-08,bee-travels,6
2026-08-08,BiomedSciAI,19
2026-08-08,cicsdev,32
2026-08-08,cloud-native-toolkit,26
2026-08-08,cloud-pak-gitops,9
2026-08-08,CoHDI,22
2026-08-08,data-prep-kit,6
2026-08-08,DecisionsDev,36
2026-08-08,DS4SD,15
2026-08-08,Exgentic,16
2026-08-08,fmperf-project,3
2026-08-08,foundation-model-stack,22
2026-08-08,generative-computing,38
2026-08-08,gori-project,123
2026-08-08,hakkoda,1
2026-08-08,i-am-bee,65
2026-08-08,IBM,6459
2026-08-08,ibm-aiu,20
2026-08-08,ibm-apiconnect,34
2026-08-08,ibm-avocados,2
2026-08-08,ibm-aws,3
2026-08-08,IBM-Blockchain,9
2026-08-08,ibm-build-lab,17
2026-08-08,ibm-client-engineering,13
2026-08-08,IBM-Cloud,46
2026-08-08,ibm-cloud-architecture,18
2026-08-08,ibm-cloud-docs,12
2026-08-08,ibm-cloud-vmware,2
2026-08-08,ibm-ecm,13
2026-08-08,IBM-EON,5
2026-08-08,ibm-functions,20
2026-08-08,ibm-granite-community,34
2026-08-08,ibm-hyper-protect,14
2026-08-08,ibm-messaging,52
2026-08-08,ibm-mulesoft,2
2026-08-08,ibm-observability,4
2026-08-08,ibm-research,15
2026-08-08,ibm-rh-circle-of-trust,5
2026-08-08,ibm-s390-cloud,19
2026-08-08,ibm-s390-linux,23
2026-08-08,IBM-Security,17
2026-08-08,ibm-security-intelligence,3
2026-08-08,ibm-security-verify,9
2026-08-08,ibm-skillsbuild,3
2026-08-08,ibm-terraform-power,1
2026-08-08,ibm-verify,25
2026-08-08,ibm-wm-transition,3
2026-08-08,ibmaot,2
2026-08-08,ibmbpm,17
2026-08-08,ibmdbanalytics,3
2026-08-08,IBMDeveloperMEA,3
2026-08-08,IBMSpectrumComputing,7
2026-08-08,ibmstorage,27
2026-08-08,instana,144
2026-08-08,itbench-hub,31
2026-08-08,lakeviewer,1
2026-08-08,lakevision-project,2
2026-08-08,LinearTapeFileSystem,13
2026-08-08,linux-on-ibm-z,20
2026-08-08,Mapepire-IBMi,14
2026-08-08,microbitesapp,1
2026-08-08,OctoConsulting,2
2026-08-08,ODF-Backup-Restore,12
2026-08-08,project-codeflare,20
2026-08-08,rxn4chemistry,21
2026-08-08,scarfbench,22
2026-08-08,st4sd,7
2026-08-08,terraform-ibm,3
2026-08-08,terraform-ibm-modules,83
2026-08-08,terrastackai,14
2026-08-08,wala,9
2026-08-08,watson-developer-cloud,49
2026-08-08,zrlio,3
2026-08-09,adorchestrator,6
2026-08-09,agile-crypto,3
2026-08-09,AI4quantum,13
2026-08-09,application-stacks,15
2026-08-09,bamoe,20
2026-08-09,bee-travels,6
2026-08-09,BiomedSciAI,19
2026-08-09,cicsdev,32
2026-08-09,cloud-native-toolkit,26
2026-08-09,cloud-pak-gitops,9
2026-08-09,CoHDI,22
2026-08-09,data-prep-kit,6
2026-08-09,DecisionsDev,36
2026-08-09,DS4SD,15
2026-08-09,Exgentic,16
2026-08-09,fmperf-project,3
2026-08-09,foundation-model-stack,22
2026-08-09,generative-computing,38
2026-08-09,gori-project,123
2026-08-09,hakkoda,1
2026-08-09,i-am-bee,65
2026-08-09,IBM,6457
2026-08-09,ibm-aiu,20
2026-08-09,ibm-apiconnect,34
2026-08-09,ibm-avocados,2
2026-08-09,ibm-aws,3
2026-08-09,IBM-Blockchain,9
2026-08-09,ibm-build-lab,17
2026-08-09,ibm-client-engineering,13
2026-08-09,IBM-Cloud,46
2026-08-09,ibm-cloud-architecture,18
2026-08-09,ibm-cloud-docs,12
2026-08-09,ibm-cloud-vmware,2
2026-08-09,ibm-ecm,13
2026-08-09,IBM-EON,5
2026-08-09,ibm-functions,20
2026-08-09,ibm-granite-community,34
2026-08-09,ibm-hyper-protect,14
2026-08-09,ibm-messaging,52
2026-08-09,ibm-mulesoft,2
2026-08-09,ibm-observability,4
2026-08-09,ibm-research,15
2026-08-09,ibm-rh-circle-of-trust,5
2026-08-09,ibm-s390-cloud,19
2026-08-09,ibm-s390-linux,23
2026-08-09,IBM-Security,17
2026-08-09,ibm-security-intelligence,3
2026-08-09,ibm-security-verify,9
2026-08-09,ibm-skillsbuild,3
2026-08-09,ibm-terraform-power,1
2026-08-09,ibm-verify,25
2026-08-09,ibm-wm-transition,3
2026-08-09,ibmaot,2
2026-08-09,ibmbpm,17
2026-08-09,ibmdbanalytics,3
2026-08-09,IBMDeveloperMEA,3
2026-08-09,IBMSpectrumComputing,7
2026-08-09,ibmstorage,27
2026-08-09,instana,144
2026-08-09,itbench-hub,31
2026-08-09,lakeviewer,1
2026-08-09,lakevision-project,2
2026-08-09,LinearTapeFileSystem,13
2026-08-09,linux-on-ibm-z,20
2026-08-09,Mapepire-IBMi,14
2026-08-09,microbitesapp,1
2026-08-09,OctoConsulting,2
2026-08-09,ODF-Backup-Restore,12
2026-08-09,project-codeflare,20
2026-08-09,rxn4chemistry,21
2026-08-09,scarfbench,22
2026-08-09,st4sd,7
2026-08-09,terraform-ibm,3
2026-08-09,terraform-ibm-modules,83
2026-08-09,terrastackai,14
2026-08-09,wala,9
2026-08-09,watson-developer-cloud,49
2026-08-09,zrlio,3
2026-08-10,adorchestrator,6
2026-08-10,agile-crypto,3
2026-08-10,AI4quantum,13
2026-08-10,application-stacks,15
2026-08-10,bamoe,20
2026-08-10,bee-travels,6
2026-08-10,BiomedSciAI,19
2026-08-10,cicsdev,32
2026-08-10,cloud-native-toolkit,26
2026-08-10,cloud-pak-gitops,9
2026-08-10,CoHDI,22
2026-08-10,data-prep-kit,6
2026-08-10,DecisionsDev,36
2026-08-10,DS4SD,15
2026-08-10,Exgentic,16
2026-08-10,fmperf-project,3
2026-08-10,foundation-model-stack,22
2026-08-10,generative-computing,38
2026-08-10,gori-project,123
2026-08-10,hakkoda,1
2026-08-10,i-am-bee,65
2026-08-10,IBM,6455
2026-08-10,ibm-aiu,20
2026-08-10,ibm-apiconnect,34
2026-08-10,ibm-avocados,2
2026-08-10,ibm-aws,3
2026-08-10,IBM-Blockchain,9
2026-08-10,ibm-build-lab,17
2026-08-10,ibm-client-engineering,13
2026-08-10,IBM-Cloud,46
2026-08-10,ibm-cloud-architecture,18
2026-08-10,ibm-cloud-docs,12
2026-08-10,ibm-cloud-vmware,2
2026-08-10,ibm-ecm,13
2026-08-10,IBM-EON,5
2026-08-10,ibm-functions,20
2026-08-10,ibm-granite-community,34
2026-08-10,ibm-hyper-protect,14
2026-08-10,ibm-messaging,52
2026-08-10,ibm-mulesoft,2
2026-08-10,ibm-observability,4
2026-08-10,ibm-research,15
2026-08-10,ibm-rh-circle-of-trust,5
2026-08-10,ibm-s390-cloud,19
2026-08-10,ibm-s390-linux,23
2026-08-10,IBM-Security,17
2026-08-10,ibm-security-intelligence,3
2026-08-10,ibm-security-verify,9
2026-08-10,ibm-skillsbuild,3
2026-08-10,ibm-terraform-power,1
2026-08-10,ibm-verify,25
2026-08-10,ibm-wm-transition,3
2026-08-10,ibmaot,2
2026-08-10,ibmbpm,17
2026-08-10,ibmdbanalytics,3
2026-08-10,IBMDeveloperMEA,3
2026-08-10,IBMSpectrumComputing,7
2026-08-10,ibmstorage,27
2026-08-10,instana,144
2026-08-10,itbench-hub,31
2026-08-10,lakeviewer,1
2026-08-10,lakevision-project,2
2026-08-10,LinearTapeFileSystem,13
2026-08-10,linux-on-ibm-z,20
2026-08-10,Mapepire-IBMi,14
2026-08-10,microbitesapp,1
2026-08-10,OctoConsulting,2
2026-08-10,ODF-Backup-Restore,12
2026-08-10,project-codeflare,20
2026-08-10,rxn4chemistry,21
2026-08-10,scarfbench,22
2026-08-10,st4sd,7
2026-08-10,terraform-ibm,3
2026-08-10,terraform-ibm-modules,83
2026-08-10,terrastackai,14
2026-08-10,wala,9
2026-08-10,watson-developer-cloud,49
2026-08-10,zrlio,3
2026-08-11,adorchestrator,6
2026-08-11,agile-crypto,3
2026-08-11,AI4quantum,13
2026-08-11,application-stacks,15
2026-08-11,bamoe,20
2026-08-11,bee-travels,6
2026-08-11,BiomedSciAI,19
2026-08-11,cicsdev,32
2026-08-11,cloud-native-toolkit,26
2026-08-11,cloud-pak-gitops,9
2026-08-11,CoHDI,22
2026-08-11,data-prep-kit,6
2026-08-11,DecisionsDev,36
2026-08-11,DS4SD,15
2026-08-11,Exgentic,16
2026-08-11,fmperf-project,3
2026-08-11,foundation-model-stack,22
2026-08-11,generative-computing,38
2026-08-11,gori-project,123
2026-08-11,hakkoda,1
2026-08-11,i-am-bee,65
2026-08-11,IBM,6458
2026-08-11,ibm-aiu,20
2026-08-11,ibm-apiconnect,34
2026-08-11,ibm-avocados,2
2026-08-11,ibm-aws,3
2026-08-11,IBM-Blockchain,9
2026-08-11,ibm-build-lab,17
2026-08-11,ibm-client-engineering,13
2026-08-11,IBM-Cloud,46
2026-08-11,ibm-cloud-architecture,18
2026-08-11,ibm-cloud-docs,12
2026-08-11,ibm-cloud-vmware,2
2026-08-11,ibm-ecm,13
2026-08-11,IBM-EON,5
2026-08-11,ibm-functions,20
2026-08-11,ibm-granite-community,34
2026-08-11,ibm-hyper-protect,14
2026-08-11,ibm-messaging,52
2026-08-11,ibm-mulesoft,2
2026-08-11,ibm-observability,4
2026-08-11,ibm-research,15
2026-08-11,ibm-rh-circle-of-trust,5
2026-08-11,ibm-s390-cloud,19
2026-08-11,ibm-s390-linux,23
2026-08-11,IBM-Security,17
2026-08-11,ibm-security-intelligence,3
2026-08-11,ibm-security-verify,9
2026-08-11,ibm-skillsbuild,3
2026-08-11,ibm-terraform-power,1
2026-08-11,ibm-verify,25
2026-08-11,ibm-wm-transition,3
2026-08-11,ibmaot,2
2026-08-11,ibmbpm,17
2026-08-11,ibmdbanalytics,3
2026-08-11,IBMDeveloperMEA,3
2026-08-11,IBMSpectrumComputing,7
2026-08-11,ibmstorage,25
2026-08-11,instana,144
2026-08-11,itbench-hub,32
2026-08-11,lakeviewer,1
2026-08-11,lakevision-project,2
2026-08-11,LinearTapeFileSystem,13
2026-08-11,linux-on-ibm-z,20
2026-08-11,Mapepire-IBMi,14
2026-08-11,microbitesapp,1
2026-08-11,OctoConsulting,2
2026-08-11,ODF-Backup-Restore,12
2026-08-11,project-codeflare,20
2026-08-11,rxn4chemistry,21
2026-08-11,scarfbench,22
2026-08-11,st4sd,7
2026-08-11,terraform-ibm,3
2026-08-11,terraform-ibm-modules,83
2026-08-11,terrastackai,14
2026-08-11,wala,9
2026-08-11,watson-developer-cloud,49
2026-08-11,zrlio,3
